node_id,x_location,y_location,visit_time,reward,CS1,CS3,TR2,TR3,time_with_max_reward,max_reward,number_vehicles,tmax
0,4.6,7.1,0.0,0.0,55.94,15.08,1,100.0,2,0.0,3,10.0
0,4.6,7.1,0.3333333333333333,0.0,55.94,15.08,1,100.0,2,0.0,3,10.0
0,4.6,7.1,0.6666666666666666,0.0,55.94,15.08,1,100.0,2,0.0,3,10.0
0,4.6,7.1,1.0,0.0,55.94,15.08,1,100.0,2,0.0,3,10.0
0,4.6,7.1,1.3333333333333333,0.0,55.94,15.08,1,100.0,2,0.0,3,10.0
0,4.6,7.1,1.6666666666666667,0.0,55.94,15.08,1,100.0,2,0.0,3,10.0
0,4.6,7.1,2.0,0.0,55.94,15.08,1,100.0,2,0.0,3,10.0
0,4.6,7.1,2.3333333333333335,0.0,55.94,15.08,1,100.0,2,0.0,3,10.0
0,4.6,7.1,2.6666666666666665,0.0,55.94,15.08,1,100.0,2,0.0,3,10.0
0,4.6,7.1,3.0,0.0,55.94,15.08,1,100.0,2,0.0,3,10.0
0,4.6,7.1,3.3333333333333335,0.0,55.94,15.08,1,100.0,2,0.0,3,10.0
0,4.6,7.1,3.6666666666666665,0.0,55.94,15.08,1,100.0,2,0.0,3,10.0
0,4.6,7.1,4.0,0.0,55.94,15.08,1,100.0,2,0.0,3,10.0
0,4.6,7.1,4.333333333333333,0.0,55.94,15.08,1,100.0,2,0.0,3,10.0
0,4.6,7.1,4.666666666666667,0.0,55.94,15.08,1,100.0,2,0.0,3,10.0
0,4.6,7.1,5.0,0.0,55.94,15.08,1,100.0,2,0.0,3,10.0
0,4.6,7.1,5.333333333333333,0.0,55.94,15.08,1,100.0,2,0.0,3,10.0
0,4.6,7.1,5.666666666666667,0.0,55.94,15.08,1,100.0,2,0.0,3,10.0
0,4.6,7.1,6.0,0.0,55.94,15.08,1,100.0,2,0.0,3,10.0
0,4.6,7.1,6.333333333333333,0.0,55.94,15.08,1,100.0,2,0.0,3,10.0
0,4.6,7.1,6.666666666666667,0.0,55.94,15.08,1,100.0,2,0.0,3,10.0
0,4.6,7.1,7.0,0.0,55.94,15.08,1,100.0,2,0.0,3,10.0
0,4.6,7.1,7.333333333333333,0.0,55.94,15.08,1,100.0,2,0.0,3,10.0
0,4.6,7.1,7.666666666666667,0.0,55.94,15.08,1,100.0,2,0.0,3,10.0
0,4.6,7.1,8.0,0.0,55.94,15.08,1,100.0,2,0.0,3,10.0
0,4.6,7.1,8.333333333333334,0.0,55.94,15.08,1,100.0,2,0.0,3,10.0
0,4.6,7.1,8.666666666666666,0.0,55.94,15.08,1,100.0,2,0.0,3,10.0
0,4.6,7.1,9.0,0.0,55.94,15.08,1,100.0,2,0.0,3,10.0
0,4.6,7.1,9.333333333333334,0.0,55.94,15.08,1,100.0,2,0.0,3,10.0
0,4.6,7.1,9.666666666666666,0.0,55.94,15.08,1,100.0,2,0.0,3,10.0
0,4.6,7.1,10.0,0.0,55.94,15.08,1,100.0,2,0.0,3,10.0
0,4.6,7.1,10.333333333333334,0.0,55.94,15.08,1,100.0,2,0.0,3,10.0
0,4.6,7.1,10.666666666666666,0.0,55.94,15.08,1,100.0,2,0.0,3,10.0
0,4.6,7.1,11.0,0.0,55.94,15.08,1,100.0,2,0.0,3,10.0
0,4.6,7.1,11.333333333333334,0.0,55.94,15.08,1,100.0,2,0.0,3,10.0
0,4.6,7.1,11.666666666666666,0.0,55.94,15.08,1,100.0,2,0.0,3,10.0
0,4.6,7.1,12.0,0.0,55.94,15.08,1,100.0,2,0.0,3,10.0
0,4.6,7.1,12.333333333333334,0.0,55.94,15.08,1,100.0,2,0.0,3,10.0
0,4.6,7.1,12.666666666666666,0.0,55.94,15.08,1,100.0,2,0.0,3,10.0
0,4.6,7.1,13.0,0.0,55.94,15.08,1,100.0,2,0.0,3,10.0
0,4.6,7.1,13.333333333333334,0.0,55.94,15.08,1,100.0,2,0.0,3,10.0
0,4.6,7.1,13.666666666666666,0.0,55.94,15.08,1,100.0,2,0.0,3,10.0
0,4.6,7.1,14.0,0.0,55.94,15.08,1,100.0,2,0.0,3,10.0
0,4.6,7.1,14.333333333333334,0.0,55.94,15.08,1,100.0,2,0.0,3,10.0
0,4.6,7.1,14.666666666666666,0.0,55.94,15.08,1,100.0,2,0.0,3,10.0
0,4.6,7.1,15.0,0.0,55.94,15.08,1,100.0,2,0.0,3,10.0
0,4.6,7.1,15.333333333333334,0.0,55.94,15.08,1,100.0,2,0.0,3,10.0
0,4.6,7.1,15.666666666666666,0.0,55.94,15.08,1,100.0,2,0.0,3,10.0
0,4.6,7.1,16.0,0.0,55.94,15.08,1,100.0,2,0.0,3,10.0
0,4.6,7.1,16.333333333333332,0.0,55.94,15.08,1,100.0,2,0.0,3,10.0
0,4.6,7.1,16.666666666666668,0.0,55.94,15.08,1,100.0,2,0.0,3,10.0
0,4.6,7.1,17.0,0.0,55.94,15.08,1,100.0,2,0.0,3,10.0
0,4.6,7.1,17.333333333333332,0.0,55.94,15.08,1,100.0,2,0.0,3,10.0
0,4.6,7.1,17.666666666666668,0.0,55.94,15.08,1,100.0,2,0.0,3,10.0
0,4.6,7.1,18.0,0.0,55.94,15.08,1,100.0,2,0.0,3,10.0
0,4.6,7.1,18.333333333333332,0.0,55.94,15.08,1,100.0,2,0.0,3,10.0
0,4.6,7.1,18.666666666666668,0.0,55.94,15.08,1,100.0,2,0.0,3,10.0
0,4.6,7.1,19.0,0.0,55.94,15.08,1,100.0,2,0.0,3,10.0
0,4.6,7.1,19.333333333333332,0.0,55.94,15.08,1,100.0,2,0.0,3,10.0
0,4.6,7.1,19.666666666666668,0.0,55.94,15.08,1,100.0,2,0.0,3,10.0
1,5.7,11.4,0.0,0.0,79.46,92.0,0,63.12,4,20.0,3,10.0
1,5.7,11.4,0.3333333333333333,0.0,79.46,92.0,0,63.12,4,20.0,3,10.0
1,5.7,11.4,0.6666666666666666,0.0,79.46,92.0,0,63.12,4,20.0,3,10.0
1,5.7,11.4,1.0,0.0,79.46,92.0,0,63.12,4,20.0,3,10.0
1,5.7,11.4,1.3333333333333333,0.0,79.46,92.0,0,63.12,4,20.0,3,10.0
1,5.7,11.4,1.6666666666666667,0.0,79.46,92.0,0,63.12,4,20.0,3,10.0
1,5.7,11.4,2.0,0.0,79.46,92.0,0,63.12,4,20.0,3,10.0
1,5.7,11.4,2.3333333333333335,0.0,79.46,92.0,0,63.12,4,20.0,3,10.0
1,5.7,11.4,2.6666666666666665,17.183445828545786,79.46,92.0,0,63.12,4,20.0,3,10.0
1,5.7,11.4,3.0,18.415688278557006,79.46,92.0,0,63.12,4,20.0,3,10.0
1,5.7,11.4,3.3333333333333335,19.295861457136446,79.46,92.0,0,63.12,4,20.0,3,10.0
1,5.7,11.4,3.6666666666666665,19.823965364284113,79.46,92.0,0,63.12,4,20.0,3,10.0
1,5.7,11.4,4.0,20.0,79.46,92.0,0,63.12,4,20.0,3,10.0
1,5.7,11.4,4.333333333333333,19.823965364284113,79.46,92.0,0,63.12,4,20.0,3,10.0
1,5.7,11.4,4.666666666666667,19.295861457136446,79.46,92.0,0,63.12,4,20.0,3,10.0
1,5.7,11.4,5.0,18.415688278557006,79.46,92.0,0,63.12,4,20.0,3,10.0
1,5.7,11.4,5.333333333333333,17.183445828545786,79.46,92.0,0,63.12,4,20.0,3,10.0
1,5.7,11.4,5.666666666666667,13.791610519416329,79.46,92.0,0,63.12,4,20.0,3,10.0
1,5.7,11.4,6.0,9.03325253135621,79.46,92.0,0,63.12,4,20.0,3,10.0
1,5.7,11.4,6.333333333333333,7.011089567752727,79.46,92.0,0,63.12,4,20.0,3,10.0
1,5.7,11.4,6.666666666666667,5.892064191517964,79.46,92.0,0,63.12,4,20.0,3,10.0
1,5.7,11.4,7.0,5.181585083697158,79.46,92.0,0,63.12,4,20.0,3,10.0
1,5.7,11.4,7.333333333333333,4.690454509858581,79.46,92.0,0,63.12,4,20.0,3,10.0
1,5.7,11.4,7.666666666666667,4.330675918068542,79.46,92.0,0,63.12,4,20.0,3,10.0
1,5.7,11.4,8.0,4.055769944728853,79.46,92.0,0,63.12,4,20.0,3,10.0
1,5.7,11.4,8.333333333333334,3.8388727366688427,79.46,92.0,0,63.12,4,20.0,3,10.0
1,5.7,11.4,8.666666666666666,3.663375694758546,79.46,92.0,0,63.12,4,20.0,3,10.0
1,5.7,11.4,9.0,3.5184581542355158,79.46,92.0,0,63.12,4,20.0,3,10.0
1,5.7,11.4,9.333333333333334,3.3967681446698457,79.46,92.0,0,63.12,4,20.0,3,10.0
1,5.7,11.4,9.666666666666666,3.2931355993685916,79.46,92.0,0,63.12,4,20.0,3,10.0
1,5.7,11.4,10.0,3.203818835868028,79.46,92.0,0,63.12,4,20.0,3,10.0
1,5.7,11.4,10.333333333333334,3.1260431344054487,79.46,92.0,0,63.12,4,20.0,3,10.0
1,5.7,11.4,10.666666666666666,3.057707329199912,79.46,92.0,0,63.12,4,20.0,3,10.0
1,5.7,11.4,11.0,2.9971911231487436,79.46,92.0,0,63.12,4,20.0,3,10.0
1,5.7,11.4,11.333333333333334,2.9432249691746053,79.46,92.0,0,63.12,4,20.0,3,10.0
1,5.7,11.4,11.666666666666666,2.8948000331288286,79.46,92.0,0,63.12,4,20.0,3,10.0
1,5.7,11.4,12.0,2.8511045372185126,79.46,92.0,0,63.12,4,20.0,3,10.0
1,5.7,11.4,12.333333333333334,2.811477886185493,79.46,92.0,0,63.12,4,20.0,3,10.0
1,5.7,11.4,12.666666666666666,2.775377038431407,79.46,92.0,0,63.12,4,20.0,3,10.0
1,5.7,11.4,13.0,2.7423514712533352,79.46,92.0,0,63.12,4,20.0,3,10.0
1,5.7,11.4,13.333333333333334,2.7120242825314067,79.46,92.0,0,63.12,4,20.0,3,10.0
1,5.7,11.4,13.666666666666666,2.6840777429031264,79.46,92.0,0,63.12,4,20.0,3,10.0
1,5.7,11.4,14.0,2.658242121851109,79.46,92.0,0,63.12,4,20.0,3,10.0
1,5.7,11.4,14.333333333333334,2.634286953679778,79.46,92.0,0,63.12,4,20.0,3,10.0
1,5.7,11.4,14.666666666666666,2.6120141436488553,79.46,92.0,0,63.12,4,20.0,3,10.0
1,5.7,11.4,15.0,2.591252477291647,79.46,92.0,0,63.12,4,20.0,3,10.0
1,5.7,11.4,15.333333333333334,2.5718532106441367,79.46,92.0,0,63.12,4,20.0,3,10.0
1,5.7,11.4,15.666666666666666,2.5536865010152425,79.46,92.0,0,63.12,4,20.0,3,10.0
1,5.7,11.4,16.0,2.5366384971364453,79.46,92.0,0,63.12,4,20.0,3,10.0
1,5.7,11.4,16.333333333333332,2.5206089508198217,79.46,92.0,0,63.12,4,20.0,3,10.0
1,5.7,11.4,16.666666666666668,2.5055092442439273,79.46,92.0,0,63.12,4,20.0,3,10.0
1,5.7,11.4,17.0,2.4912607508621094,79.46,92.0,0,63.12,4,20.0,3,10.0
1,5.7,11.4,17.333333333333332,2.477793465912432,79.46,92.0,0,63.12,4,20.0,3,10.0
1,5.7,11.4,17.666666666666668,2.4650448561741443,79.46,92.0,0,63.12,4,20.0,3,10.0
1,5.7,11.4,18.0,2.452958889084986,79.46,92.0,0,63.12,4,20.0,3,10.0
1,5.7,11.4,18.333333333333332,2.441485209416209,79.46,92.0,0,63.12,4,20.0,3,10.0
1,5.7,11.4,18.666666666666668,2.430578437987717,79.46,92.0,0,63.12,4,20.0,3,10.0
1,5.7,11.4,19.0,2.420197571827357,79.46,92.0,0,63.12,4,20.0,3,10.0
1,5.7,11.4,19.333333333333332,2.4103054690572945,79.46,92.0,0,63.12,4,20.0,3,10.0
1,5.7,11.4,19.666666666666668,2.4008684048663613,79.46,92.0,0,63.12,4,20.0,3,10.0
2,4.4,12.3,0.0,16.945532948326704,68.02,71.71,0,82.63,1,20.0,3,10.0
2,4.4,12.3,0.3333333333333333,18.642459088145202,68.02,71.71,0,82.63,1,20.0,3,10.0
2,4.4,12.3,0.6666666666666666,19.6606147720363,68.02,71.71,0,82.63,1,20.0,3,10.0
2,4.4,12.3,1.0,20.0,68.02,71.71,0,82.63,1,20.0,3,10.0
2,4.4,12.3,1.3333333333333333,19.6606147720363,68.02,71.71,0,82.63,1,20.0,3,10.0
2,4.4,12.3,1.6666666666666667,18.642459088145202,68.02,71.71,0,82.63,1,20.0,3,10.0
2,4.4,12.3,2.0,16.945532948326704,68.02,71.71,0,82.63,1,20.0,3,10.0
2,4.4,12.3,2.3333333333333335,10.85569470463295,68.02,71.71,0,82.63,1,20.0,3,10.0
2,4.4,12.3,2.6666666666666665,7.37311697229757,68.02,71.71,0,82.63,1,20.0,3,10.0
2,4.4,12.3,3.0,5.856511011734531,68.02,71.71,0,82.63,1,20.0,3,10.0
2,4.4,12.3,3.3333333333333335,5.0075933347293144,68.02,71.71,0,82.63,1,20.0,3,10.0
2,4.4,12.3,3.6666666666666665,4.464986206667919,68.02,71.71,0,82.63,1,20.0,3,10.0
2,4.4,12.3,4.0,4.088241541027362,68.02,71.71,0,82.63,1,20.0,3,10.0
2,4.4,12.3,4.333333333333333,3.8113913055538067,68.02,71.71,0,82.63,1,20.0,3,10.0
2,4.4,12.3,4.666666666666667,3.5993555129220067,68.02,71.71,0,82.63,1,20.0,3,10.0
2,4.4,12.3,5.0,3.4317583634192923,68.02,71.71,0,82.63,1,20.0,3,10.0
2,4.4,12.3,5.333333333333333,3.2959547136732614,68.02,71.71,0,82.63,1,20.0,3,10.0
2,4.4,12.3,5.666666666666667,3.1836814010104844,68.02,71.71,0,82.63,1,20.0,3,10.0
2,4.4,12.3,6.0,3.089310440098327,68.02,71.71,0,82.63,1,20.0,3,10.0
2,4.4,12.3,6.333333333333333,3.0088761198572698,68.02,71.71,0,82.63,1,20.0,3,10.0
2,4.4,12.3,6.666666666666667,2.9395034945978837,68.02,71.71,0,82.63,1,20.0,3,10.0
2,4.4,12.3,7.0,2.8790574944000618,68.02,71.71,0,82.63,1,20.0,3,10.0
2,4.4,12.3,7.333333333333333,2.8259193011643537,68.02,71.71,0,82.63,1,20.0,3,10.0
2,4.4,12.3,7.666666666666667,2.7788392084279447,68.02,71.71,0,82.63,1,20.0,3,10.0
2,4.4,12.3,8.0,2.736837092028186,68.02,71.71,0,82.63,1,20.0,3,10.0
2,4.4,12.3,8.333333333333334,2.6991334380198744,68.02,71.71,0,82.63,1,20.0,3,10.0
2,4.4,12.3,8.666666666666666,2.665100515429769,68.02,71.71,0,82.63,1,20.0,3,10.0
2,4.4,12.3,9.0,2.6342271481118407,68.02,71.71,0,82.63,1,20.0,3,10.0
2,4.4,12.3,9.333333333333334,2.6060928629151685,68.02,71.71,0,82.63,1,20.0,3,10.0
2,4.4,12.3,9.666666666666666,2.580348626304429,68.02,71.71,0,82.63,1,20.0,3,10.0
2,4.4,12.3,10.0,2.556702290304993,68.02,71.71,0,82.63,1,20.0,3,10.0
2,4.4,12.3,10.333333333333334,2.5349074571858634,68.02,71.71,0,82.63,1,20.0,3,10.0
2,4.4,12.3,10.666666666666666,2.5147548612757253,68.02,71.71,0,82.63,1,20.0,3,10.0
2,4.4,12.3,11.0,2.496065628184266,68.02,71.71,0,82.63,1,20.0,3,10.0
2,4.4,12.3,11.333333333333334,2.478685951004045,68.02,71.71,0,82.63,1,20.0,3,10.0
2,4.4,12.3,11.666666666666666,2.4624828477479905,68.02,71.71,0,82.63,1,20.0,3,10.0
2,4.4,12.3,12.0,2.4473407522182793,68.02,71.71,0,82.63,1,20.0,3,10.0
2,4.4,12.3,12.333333333333334,2.433158753351265,68.02,71.71,0,82.63,1,20.0,3,10.0
2,4.4,12.3,12.666666666666666,2.419848343550623,68.02,71.71,0,82.63,1,20.0,3,10.0
2,4.4,12.3,13.0,2.407331569788852,68.02,71.71,0,82.63,1,20.0,3,10.0
2,4.4,12.3,13.333333333333334,2.3955395058574083,68.02,71.71,0,82.63,1,20.0,3,10.0
2,4.4,12.3,13.666666666666666,2.3844109825167394,68.02,71.71,0,82.63,1,20.0,3,10.0
2,4.4,12.3,14.0,2.373891526143976,68.02,71.71,0,82.63,1,20.0,3,10.0
2,4.4,12.3,14.333333333333334,2.3639324670031376,68.02,71.71,0,82.63,1,20.0,3,10.0
2,4.4,12.3,14.666666666666666,2.354490186331699,68.02,71.71,0,82.63,1,20.0,3,10.0
2,4.4,12.3,15.0,2.3455254776697947,68.02,71.71,0,82.63,1,20.0,3,10.0
2,4.4,12.3,15.333333333333334,2.3370030027073114,68.02,71.71,0,82.63,1,20.0,3,10.0
2,4.4,12.3,15.666666666666666,2.328890825722524,68.02,71.71,0,82.63,1,20.0,3,10.0
2,4.4,12.3,16.0,2.321160013680833,68.02,71.71,0,82.63,1,20.0,3,10.0
2,4.4,12.3,16.333333333333332,2.313784291438009,68.02,71.71,0,82.63,1,20.0,3,10.0
2,4.4,12.3,16.666666666666668,2.3067397433881554,68.02,71.71,0,82.63,1,20.0,3,10.0
2,4.4,12.3,17.0,2.300004554417778,68.02,71.71,0,82.63,1,20.0,3,10.0
2,4.4,12.3,17.333333333333332,2.293558784254355,68.02,71.71,0,82.63,1,20.0,3,10.0
2,4.4,12.3,17.666666666666668,2.287384170292555,68.02,71.71,0,82.63,1,20.0,3,10.0
2,4.4,12.3,18.0,2.2814639547915476,68.02,71.71,0,82.63,1,20.0,3,10.0
2,4.4,12.3,18.333333333333332,2.275782732999984,68.02,71.71,0,82.63,1,20.0,3,10.0
2,4.4,12.3,18.666666666666668,2.270326319310224,68.02,71.71,0,82.63,1,20.0,3,10.0
2,4.4,12.3,19.0,2.265081628993289,68.02,71.71,0,82.63,1,20.0,3,10.0
2,4.4,12.3,19.333333333333332,2.26003657343879,68.02,71.71,0,82.63,1,20.0,3,10.0
2,4.4,12.3,19.666666666666668,2.2551799671342465,68.02,71.71,0,82.63,1,20.0,3,10.0
3,2.8,14.3,0.0,0.0,48.14,41.3,1,25.27,2,30.0,3,10.0
3,2.8,14.3,0.3333333333333333,0.0,48.14,41.3,1,25.27,2,30.0,3,10.0
3,2.8,14.3,0.6666666666666666,0.0,48.14,41.3,1,25.27,2,30.0,3,10.0
3,2.8,14.3,1.0,0.0,48.14,41.3,1,25.27,2,30.0,3,10.0
3,2.8,14.3,1.3333333333333333,24.865995882512973,48.14,41.3,1,25.27,2,30.0,3,10.0
3,2.8,14.3,1.6666666666666667,28.716498970628244,48.14,41.3,1,25.27,2,30.0,3,10.0
3,2.8,14.3,2.0,30.0,48.14,41.3,1,25.27,2,30.0,3,10.0
3,2.8,14.3,2.3333333333333335,28.716498970628244,48.14,41.3,1,25.27,2,30.0,3,10.0
3,2.8,14.3,2.6666666666666665,24.865995882512976,48.14,41.3,1,25.27,2,30.0,3,10.0
3,2.8,14.3,3.0,13.495026391784807,48.14,41.3,1,25.27,2,30.0,3,10.0
3,2.8,14.3,3.3333333333333335,9.445098981569117,48.14,41.3,1,25.27,2,30.0,3,10.0
3,2.8,14.3,3.6666666666666665,7.5755587289179065,48.14,41.3,1,25.27,2,30.0,3,10.0
3,2.8,14.3,4.0,6.499058477884482,48.14,41.3,1,25.27,2,30.0,3,10.0
3,2.8,14.3,4.333333333333333,5.79929479399112,48.14,41.3,1,25.27,2,30.0,3,10.0
3,2.8,14.3,4.666666666666667,5.307953219484735,48.14,41.3,1,25.27,2,30.0,3,10.0
3,2.8,14.3,5.0,4.943986850284104,48.14,41.3,1,25.27,2,30.0,3,10.0
3,2.8,14.3,5.333333333333333,4.663548145770582,48.14,41.3,1,25.27,2,30.0,3,10.0
3,2.8,14.3,5.666666666666667,4.440843349126722,48.14,41.3,1,25.27,2,30.0,3,10.0
3,2.8,14.3,6.0,4.2597078476456804,48.14,41.3,1,25.27,2,30.0,3,10.0
3,2.8,14.3,6.333333333333333,4.109496377181622,48.14,41.3,1,25.27,2,30.0,3,10.0
3,2.8,14.3,6.666666666666667,3.9829125915574712,48.14,41.3,1,25.27,2,30.0,3,10.0
3,2.8,14.3,7.0,3.874788154903756,48.14,41.3,1,25.27,2,30.0,3,10.0
3,2.8,14.3,7.333333333333333,3.781359660072121,48.14,41.3,1,25.27,2,30.0,3,10.0
3,2.8,14.3,7.666666666666667,3.6998216224806733,48.14,41.3,1,25.27,2,30.0,3,10.0
3,2.8,14.3,8.0,3.628039932098061,48.14,41.3,1,25.27,2,30.0,3,10.0
3,2.8,14.3,8.333333333333334,3.5643623588124433,48.14,41.3,1,25.27,2,30.0,3,10.0
3,2.8,14.3,8.666666666666666,3.507489809907566,48.14,41.3,1,25.27,2,30.0,3,10.0
3,2.8,14.3,9.0,3.4563867688848906,48.14,41.3,1,25.27,2,30.0,3,10.0
3,2.8,14.3,9.333333333333334,3.410217675412438,48.14,41.3,1,25.27,2,30.0,3,10.0
3,2.8,14.3,9.666666666666666,3.3683008840252895,48.14,41.3,1,25.27,2,30.0,3,10.0
3,2.8,14.3,10.0,3.3300747843659586,48.14,41.3,1,25.27,2,30.0,3,10.0
3,2.8,14.3,10.333333333333334,3.295072493200945,48.14,41.3,1,25.27,2,30.0,3,10.0
3,2.8,14.3,10.666666666666666,3.2629026904267455,48.14,41.3,1,25.27,2,30.0,3,10.0
3,2.8,14.3,11.0,3.2332349265728624,48.14,41.3,1,25.27,2,30.0,3,10.0
3,2.8,14.3,11.333333333333334,3.2057882301517506,48.14,41.3,1,25.27,2,30.0,3,10.0
3,2.8,14.3,11.666666666666666,3.180322181406779,48.14,41.3,1,25.27,2,30.0,3,10.0
3,2.8,14.3,12.0,3.1566298512092317,48.14,41.3,1,25.27,2,30.0,3,10.0
3,2.8,14.3,12.333333333333334,3.1345321657269203,48.14,41.3,1,25.27,2,30.0,3,10.0
3,2.8,14.3,12.666666666666666,3.113873371927287,48.14,41.3,1,25.27,2,30.0,3,10.0
3,2.8,14.3,13.0,3.094517360942497,48.14,41.3,1,25.27,2,30.0,3,10.0
3,2.8,14.3,13.333333333333334,3.0763446657398026,48.14,41.3,1,25.27,2,30.0,3,10.0
3,2.8,14.3,13.666666666666666,3.059249993095554,48.14,41.3,1,25.27,2,30.0,3,10.0
3,2.8,14.3,14.0,3.0431401821344215,48.14,41.3,1,25.27,2,30.0,3,10.0
3,2.8,14.3,14.333333333333334,3.027932505828416,48.14,41.3,1,25.27,2,30.0,3,10.0
3,2.8,14.3,14.666666666666666,3.013553250067532,48.14,41.3,1,25.27,2,30.0,3,10.0
3,2.8,14.3,15.0,2.9999365187838265,48.14,41.3,1,25.27,2,30.0,3,10.0
3,2.8,14.3,15.333333333333334,2.987023224256431,48.14,41.3,1,25.27,2,30.0,3,10.0
3,2.8,14.3,15.666666666666666,2.974760229958159,48.14,41.3,1,25.27,2,30.0,3,10.0
3,2.8,14.3,16.0,2.9630996197176516,48.14,41.3,1,25.27,2,30.0,3,10.0
3,2.8,14.3,16.333333333333332,2.9519980720005567,48.14,41.3,1,25.27,2,30.0,3,10.0
3,2.8,14.3,16.666666666666668,2.9414163220831244,48.14,41.3,1,25.27,2,30.0,3,10.0
3,2.8,14.3,17.0,2.9313186980441226,48.14,41.3,1,25.27,2,30.0,3,10.0
3,2.8,14.3,17.333333333333332,2.9216727190190066,48.14,41.3,1,25.27,2,30.0,3,10.0
3,2.8,14.3,17.666666666666668,2.9124487461825557,48.14,41.3,1,25.27,2,30.0,3,10.0
3,2.8,14.3,18.0,2.903619678558866,48.14,41.3,1,25.27,2,30.0,3,10.0
3,2.8,14.3,18.333333333333332,2.895160687082312,48.14,41.3,1,25.27,2,30.0,3,10.0
3,2.8,14.3,18.666666666666668,2.887048981413074,48.14,41.3,1,25.27,2,30.0,3,10.0
3,2.8,14.3,19.0,2.879263604895283,48.14,41.3,1,25.27,2,30.0,3,10.0
3,2.8,14.3,19.333333333333332,2.871785253773364,48.14,41.3,1,25.27,2,30.0,3,10.0
3,2.8,14.3,19.666666666666668,2.8645961173830385,48.14,41.3,1,25.27,2,30.0,3,10.0
4,3.2,10.3,0.0,0.0,99.28,71.3,1,59.42,4,15.0,3,10.0
4,3.2,10.3,0.3333333333333333,0.0,99.28,71.3,1,59.42,4,15.0,3,10.0
4,3.2,10.3,0.6666666666666666,0.0,99.28,71.3,1,59.42,4,15.0,3,10.0
4,3.2,10.3,1.0,0.0,99.28,71.3,1,59.42,4,15.0,3,10.0
4,3.2,10.3,1.3333333333333333,0.0,99.28,71.3,1,59.42,4,15.0,3,10.0
4,3.2,10.3,1.6666666666666667,0.0,99.28,71.3,1,59.42,4,15.0,3,10.0
4,3.2,10.3,2.0,0.0,99.28,71.3,1,59.42,4,15.0,3,10.0
4,3.2,10.3,2.3333333333333335,0.0,99.28,71.3,1,59.42,4,15.0,3,10.0
4,3.2,10.3,2.6666666666666665,0.0,99.28,71.3,1,59.42,4,15.0,3,10.0
4,3.2,10.3,3.0,0.0,99.28,71.3,1,59.42,4,15.0,3,10.0
4,3.2,10.3,3.3333333333333335,13.04597049004724,99.28,71.3,1,59.42,4,15.0,3,10.0
4,3.2,10.3,3.6666666666666665,14.51149262251181,99.28,71.3,1,59.42,4,15.0,3,10.0
4,3.2,10.3,4.0,15.0,99.28,71.3,1,59.42,4,15.0,3,10.0
4,3.2,10.3,4.333333333333333,14.51149262251181,99.28,71.3,1,59.42,4,15.0,3,10.0
4,3.2,10.3,4.666666666666667,13.045970490047239,99.28,71.3,1,59.42,4,15.0,3,10.0
4,3.2,10.3,5.0,8.800570641353692,99.28,71.3,1,59.42,4,15.0,3,10.0
4,3.2,10.3,5.333333333333333,6.161780425422606,99.28,71.3,1,59.42,4,15.0,3,10.0
4,3.2,10.3,5.666666666666667,4.960280843260917,99.28,71.3,1,59.42,4,15.0,3,10.0
4,3.2,10.3,6.0,4.2731333846292205,99.28,71.3,1,59.42,4,15.0,3,10.0
4,3.2,10.3,6.333333333333333,3.8282849977596447,99.28,71.3,1,59.42,4,15.0,3,10.0
4,3.2,10.3,6.666666666666667,3.516786545314046,99.28,71.3,1,59.42,4,15.0,3,10.0
4,3.2,10.3,7.0,3.2864931793524725,99.28,71.3,1,59.42,4,15.0,3,10.0
4,3.2,10.3,7.333333333333333,3.109312394521451,99.28,71.3,1,59.42,4,15.0,3,10.0
4,3.2,10.3,7.666666666666667,2.9687698864799055,99.28,71.3,1,59.42,4,15.0,3,10.0
4,3.2,10.3,8.0,2.854566188323042,99.28,71.3,1,59.42,4,15.0,3,10.0
4,3.2,10.3,8.333333333333334,2.759931497118793,99.28,71.3,1,59.42,4,15.0,3,10.0
4,3.2,10.3,8.666666666666666,2.68023296036909,99.28,71.3,1,59.42,4,15.0,3,10.0
4,3.2,10.3,9.0,2.6121931638571043,99.28,71.3,1,59.42,4,15.0,3,10.0
4,3.2,10.3,9.333333333333334,2.553428215080834,99.28,71.3,1,59.42,4,15.0,3,10.0
4,3.2,10.3,9.666666666666666,2.502162671885135,99.28,71.3,1,59.42,4,15.0,3,10.0
4,3.2,10.3,10.0,2.457047064602036,99.28,71.3,1,59.42,4,15.0,3,10.0
4,3.2,10.3,10.333333333333334,2.41703737346818,99.28,71.3,1,59.42,4,15.0,3,10.0
4,3.2,10.3,10.666666666666666,2.381313234596146,99.28,71.3,1,59.42,4,15.0,3,10.0
4,3.2,10.3,11.0,2.3492210934238678,99.28,71.3,1,59.42,4,15.0,3,10.0
4,3.2,10.3,11.333333333333334,2.320233857827094,99.28,71.3,1,59.42,4,15.0,3,10.0
4,3.2,10.3,11.666666666666666,2.29392172152056,99.28,71.3,1,59.42,4,15.0,3,10.0
4,3.2,10.3,12.0,2.2699307088954246,99.28,71.3,1,59.42,4,15.0,3,10.0
4,3.2,10.3,12.333333333333334,2.247966657992305,99.28,71.3,1,59.42,4,15.0,3,10.0
4,3.2,10.3,12.666666666666666,2.2277830986822553,99.28,71.3,1,59.42,4,15.0,3,10.0
4,3.2,10.3,13.0,2.209171963942606,99.28,71.3,1,59.42,4,15.0,3,10.0
4,3.2,10.3,13.333333333333334,2.191956390686053,99.28,71.3,1,59.42,4,15.0,3,10.0
4,3.2,10.3,13.666666666666666,2.1759850815607336,99.28,71.3,1,59.42,4,15.0,3,10.0
4,3.2,10.3,14.0,2.161127846623464,99.28,71.3,1,59.42,4,15.0,3,10.0
4,3.2,10.3,14.333333333333334,2.14727204653816,99.28,71.3,1,59.42,4,15.0,3,10.0
4,3.2,10.3,14.666666666666666,2.1343197315515923,99.28,71.3,1,59.42,4,15.0,3,10.0
4,3.2,10.3,15.0,2.1221853224684564,99.28,71.3,1,59.42,4,15.0,3,10.0
4,3.2,10.3,15.333333333333334,2.1107937175016356,99.28,71.3,1,59.42,4,15.0,3,10.0
4,3.2,10.3,15.666666666666666,2.1000787364630984,99.28,71.3,1,59.42,4,15.0,3,10.0
4,3.2,10.3,16.0,2.0899818341888396,99.28,71.3,1,59.42,4,15.0,3,10.0
4,3.2,10.3,16.333333333333332,2.0804510303652886,99.28,71.3,1,59.42,4,15.0,3,10.0
4,3.2,10.3,16.666666666666668,2.0714400144500638,99.28,71.3,1,59.42,4,15.0,3,10.0
4,3.2,10.3,17.0,2.0629073931519346,99.28,71.3,1,59.42,4,15.0,3,10.0
4,3.2,10.3,17.333333333333332,2.0548160546653467,99.28,71.3,1,59.42,4,15.0,3,10.0
4,3.2,10.3,17.666666666666668,2.047132629058478,99.28,71.3,1,59.42,4,15.0,3,10.0
4,3.2,10.3,18.0,2.0398270282659414,99.28,71.3,1,59.42,4,15.0,3,10.0
4,3.2,10.3,18.333333333333332,2.0328720523142207,99.28,71.3,1,59.42,4,15.0,3,10.0
4,3.2,10.3,18.666666666666668,2.026243050914876,99.28,71.3,1,59.42,4,15.0,3,10.0
4,3.2,10.3,19.0,2.019917631550821,99.28,71.3,1,59.42,4,15.0,3,10.0
4,3.2,10.3,19.333333333333332,2.013875406770307,99.28,71.3,1,59.42,4,15.0,3,10.0
4,3.2,10.3,19.666666666666668,2.00809777467935,99.28,71.3,1,59.42,4,15.0,3,10.0
5,3.5,9.8,0.0,0.0,70.63,40.93,0,41.81,2,15.0,3,10.0
5,3.5,9.8,0.3333333333333333,0.0,70.63,40.93,0,41.81,2,15.0,3,10.0
5,3.5,9.8,0.6666666666666666,0.0,70.63,40.93,0,41.81,2,15.0,3,10.0
5,3.5,9.8,1.0,0.0,70.63,40.93,0,41.81,2,15.0,3,10.0
5,3.5,9.8,1.3333333333333333,13.516231882670956,70.63,40.93,0,41.81,2,15.0,3,10.0
5,3.5,9.8,1.6666666666666667,14.62905797066774,70.63,40.93,0,41.81,2,15.0,3,10.0
5,3.5,9.8,2.0,15.0,70.63,40.93,0,41.81,2,15.0,3,10.0
5,3.5,9.8,2.3333333333333335,14.629057970667738,70.63,40.93,0,41.81,2,15.0,3,10.0
5,3.5,9.8,2.6666666666666665,13.516231882670956,70.63,40.93,0,41.81,2,15.0,3,10.0
5,3.5,9.8,3.0,10.373475400763413,70.63,40.93,0,41.81,2,15.0,3,10.0
5,3.5,9.8,3.3333333333333335,6.026932686824788,70.63,40.93,0,41.81,2,15.0,3,10.0
5,3.5,9.8,3.6666666666666665,4.593637031913415,70.63,40.93,0,41.81,2,15.0,3,10.0
5,3.5,9.8,4.0,3.8798700232989476,70.63,40.93,0,41.81,2,15.0,3,10.0
5,3.5,9.8,4.333333333333333,3.45252723683207,70.63,40.93,0,41.81,2,15.0,3,10.0
5,3.5,9.8,4.666666666666667,3.1680132806040007,70.63,40.93,0,41.81,2,15.0,3,10.0
5,3.5,9.8,5.0,2.9649754322404935,70.63,40.93,0,41.81,2,15.0,3,10.0
5,3.5,9.8,5.333333333333333,2.8127988641061172,70.63,40.93,0,41.81,2,15.0,3,10.0
5,3.5,9.8,5.666666666666667,2.694499594008545,70.63,40.93,0,41.81,2,15.0,3,10.0
5,3.5,9.8,6.0,2.599898130046369,70.63,40.93,0,41.81,2,15.0,3,10.0
5,3.5,9.8,6.333333333333333,2.5225220108476067,70.63,40.93,0,41.81,2,15.0,3,10.0
5,3.5,9.8,6.666666666666667,2.4580591453645275,70.63,40.93,0,41.81,2,15.0,3,10.0
5,3.5,9.8,7.0,2.403525876326505,70.63,40.93,0,41.81,2,15.0,3,10.0
5,3.5,9.8,7.333333333333333,2.356791996256449,70.63,40.93,0,41.81,2,15.0,3,10.0
5,3.5,9.8,7.666666666666667,2.3162959601477295,70.63,40.93,0,41.81,2,15.0,3,10.0
5,3.5,9.8,8.0,2.2808670003899394,70.63,40.93,0,41.81,2,15.0,3,10.0
5,3.5,9.8,8.333333333333334,2.2496100838631867,70.63,40.93,0,41.81,2,15.0,3,10.0
5,3.5,9.8,8.666666666666666,2.2218292508168145,70.63,40.93,0,41.81,2,15.0,3,10.0
5,3.5,9.8,9.0,2.19697518294597,70.63,40.93,0,41.81,2,15.0,3,10.0
5,3.5,9.8,9.333333333333334,2.1746085136507847,70.63,40.93,0,41.81,2,15.0,3,10.0
5,3.5,9.8,9.666666666666666,2.1543736290791276,70.63,40.93,0,41.81,2,15.0,3,10.0
5,3.5,9.8,10.0,2.1359796195446834,70.63,40.93,0,41.81,2,15.0,3,10.0
5,3.5,9.8,10.333333333333334,2.119186203602799,70.63,40.93,0,41.81,2,15.0,3,10.0
5,3.5,9.8,10.666666666666666,2.103793173457131,70.63,40.93,0,41.81,2,15.0,3,10.0
5,3.5,9.8,11.0,2.0896323750924455,70.63,40.93,0,41.81,2,15.0,3,10.0
5,3.5,9.8,11.333333333333334,2.076561540286693,70.63,40.93,0,41.81,2,15.0,3,10.0
5,3.5,9.8,11.666666666666666,2.064459490100557,70.63,40.93,0,41.81,2,15.0,3,10.0
5,3.5,9.8,12.0,2.053222366778884,70.63,40.93,0,41.81,2,15.0,3,10.0
5,3.5,9.8,12.333333333333334,2.042760645689489,70.63,40.93,0,41.81,2,15.0,3,10.0
5,3.5,9.8,12.666666666666666,2.0329967451933926,70.63,40.93,0,41.81,2,15.0,3,10.0
5,3.5,9.8,13.0,2.0238630993599322,70.63,40.93,0,41.81,2,15.0,3,10.0
5,3.5,9.8,13.333333333333334,2.0153005922287335,70.63,40.93,0,41.81,2,15.0,3,10.0
5,3.5,9.8,13.666666666666666,2.0072572768895443,70.63,40.93,0,41.81,2,15.0,3,10.0
5,3.5,9.8,14.0,1.9996873207133328,70.63,40.93,0,41.81,2,15.0,3,10.0
5,3.5,9.8,14.333333333333334,1.99255013148368,70.63,40.93,0,41.81,2,15.0,3,10.0
5,3.5,9.8,14.666666666666666,1.9858096292377672,70.63,40.93,0,41.81,2,15.0,3,10.0
5,3.5,9.8,15.0,1.9794336362383305,70.63,40.93,0,41.81,2,15.0,3,10.0
5,3.5,9.8,15.333333333333334,1.9733933633064462,70.63,40.93,0,41.81,2,15.0,3,10.0
5,3.5,9.8,15.666666666666666,1.967662975212506,70.63,40.93,0,41.81,2,15.0,3,10.0
5,3.5,9.8,16.0,1.9622192212846572,70.63,40.93,0,41.81,2,15.0,3,10.0
5,3.5,9.8,16.333333333333332,1.9570411200956672,70.63,40.93,0,41.81,2,15.0,3,10.0
5,3.5,9.8,16.666666666666668,1.9521096892117051,70.63,40.93,0,41.81,2,15.0,3,10.0
5,3.5,9.8,17.0,1.9474077126646456,70.63,40.93,0,41.81,2,15.0,3,10.0
5,3.5,9.8,17.333333333333332,1.9429195401442398,70.63,40.93,0,41.81,2,15.0,3,10.0
5,3.5,9.8,17.666666666666668,1.9386309129741959,70.63,40.93,0,41.81,2,15.0,3,10.0
5,3.5,9.8,18.0,1.9345288127949365,70.63,40.93,0,41.81,2,15.0,3,10.0
5,3.5,9.8,18.333333333333332,1.9306013295700364,70.63,40.93,0,41.81,2,15.0,3,10.0
5,3.5,9.8,18.666666666666668,1.9268375460973617,70.63,40.93,0,41.81,2,15.0,3,10.0
5,3.5,9.8,19.0,1.9232274366663251,70.63,40.93,0,41.81,2,15.0,3,10.0
5,3.5,9.8,19.333333333333332,1.9197617778801686,70.63,40.93,0,41.81,2,15.0,3,10.0
5,3.5,9.8,19.666666666666668,1.916432069973035,70.63,40.93,0,41.81,2,15.0,3,10.0
6,4.4,8.4,0.0,0.0,69.25,28.14,1,72.03,3,10.0,3,10.0
6,4.4,8.4,0.3333333333333333,0.0,69.25,28.14,1,72.03,3,10.0,3,10.0
6,4.4,8.4,0.6666666666666666,0.0,69.25,28.14,1,72.03,3,10.0,3,10.0
6,4.4,8.4,1.0,0.0,69.25,28.14,1,72.03,3,10.0,3,10.0
6,4.4,8.4,1.3333333333333333,0.0,69.25,28.14,1,72.03,3,10.0,3,10.0
6,4.4,8.4,1.6666666666666667,0.0,69.25,28.14,1,72.03,3,10.0,3,10.0
6,4.4,8.4,2.0,0.0,69.25,28.14,1,72.03,3,10.0,3,10.0
6,4.4,8.4,2.3333333333333335,8.357444719982196,69.25,28.14,1,72.03,3,10.0,3,10.0
6,4.4,8.4,2.6666666666666665,9.589361179995548,69.25,28.14,1,72.03,3,10.0,3,10.0
6,4.4,8.4,3.0,10.0,69.25,28.14,1,72.03,3,10.0,3,10.0
6,4.4,8.4,3.3333333333333335,9.589361179995548,69.25,28.14,1,72.03,3,10.0,3,10.0
6,4.4,8.4,3.6666666666666665,8.357444719982196,69.25,28.14,1,72.03,3,10.0,3,10.0
6,4.4,8.4,4.0,4.962050790580856,69.25,28.14,1,72.03,3,10.0,3,10.0
6,4.4,8.4,4.333333333333333,3.678332202813423,69.25,28.14,1,72.03,3,10.0,3,10.0
6,4.4,8.4,4.666666666666667,3.089098863359154,69.25,28.14,1,72.03,3,10.0,3,10.0
6,4.4,8.4,5.0,2.750769015093711,69.25,28.14,1,72.03,3,10.0,3,10.0
6,4.4,8.4,5.333333333333333,2.5312161524951833,69.25,28.14,1,72.03,3,10.0,3,10.0
6,4.4,8.4,5.666666666666667,2.3772318707721114,69.25,28.14,1,72.03,3,10.0,3,10.0
6,4.4,8.4,6.0,2.263259655081415,69.25,28.14,1,72.03,3,10.0,3,10.0
6,4.4,8.4,6.333333333333333,2.1754973110545883,69.25,28.14,1,72.03,3,10.0,3,10.0
6,4.4,8.4,6.666666666666667,2.1058360949355097,69.25,28.14,1,72.03,3,10.0,3,10.0
6,4.4,8.4,7.0,2.0491994497076615,69.25,28.14,1,72.03,3,10.0,3,10.0
6,4.4,8.4,7.333333333333333,2.0022468545189867,69.25,28.14,1,72.03,3,10.0,3,10.0
6,4.4,8.4,7.666666666666667,1.9626901785889126,69.25,28.14,1,72.03,3,10.0,3,10.0
6,4.4,8.4,8.0,1.9289095100958518,69.25,28.14,1,72.03,3,10.0,3,10.0
6,4.4,8.4,8.333333333333334,1.8997258227570526,69.25,28.14,1,72.03,3,10.0,3,10.0
6,4.4,8.4,8.666666666666666,1.8742605386229214,69.25,28.14,1,72.03,3,10.0,3,10.0
6,4.4,8.4,9.0,1.8518455567435737,69.25,28.14,1,72.03,3,10.0,3,10.0
6,4.4,8.4,9.333333333333334,1.8319637859482643,69.25,28.14,1,72.03,3,10.0,3,10.0
6,4.4,8.4,9.666666666666666,1.8142087611878739,69.25,28.14,1,72.03,3,10.0,3,10.0
6,4.4,8.4,10.0,1.7982565614090926,69.25,28.14,1,72.03,3,10.0,3,10.0
6,4.4,8.4,10.333333333333334,1.7838458683974172,69.25,28.14,1,72.03,3,10.0,3,10.0
6,4.4,8.4,10.666666666666666,1.7707635400938497,69.25,28.14,1,72.03,3,10.0,3,10.0
6,4.4,8.4,11.0,1.7588339976539613,69.25,28.14,1,72.03,3,10.0,3,10.0
6,4.4,8.4,11.333333333333334,1.747911299679806,69.25,28.14,1,72.03,3,10.0,3,10.0
6,4.4,8.4,11.666666666666666,1.7378731419818938,69.25,28.14,1,72.03,3,10.0,3,10.0
6,4.4,8.4,12.0,1.7286162583443538,69.25,28.14,1,72.03,3,10.0,3,10.0
6,4.4,8.4,12.333333333333334,1.7200528549463288,69.25,28.14,1,72.03,3,10.0,3,10.0
6,4.4,8.4,12.666666666666666,1.7121078171975217,69.25,28.14,1,72.03,3,10.0,3,10.0
6,4.4,8.4,13.0,1.7047165005737985,69.25,28.14,1,72.03,3,10.0,3,10.0
6,4.4,8.4,13.333333333333334,1.6978229677953331,69.25,28.14,1,72.03,3,10.0,3,10.0
6,4.4,8.4,13.666666666666666,1.6913785705650737,69.25,28.14,1,72.03,3,10.0,3,10.0
6,4.4,8.4,14.0,1.6853407997741983,69.25,28.14,1,72.03,3,10.0,3,10.0
6,4.4,8.4,14.333333333333334,1.6796723466990984,69.25,28.14,1,72.03,3,10.0,3,10.0
6,4.4,8.4,14.666666666666666,1.6743403313597134,69.25,28.14,1,72.03,3,10.0,3,10.0
6,4.4,8.4,15.0,1.6693156643148892,69.25,28.14,1,72.03,3,10.0,3,10.0
6,4.4,8.4,15.333333333333334,1.6645725157283588,69.25,28.14,1,72.03,3,10.0,3,10.0
6,4.4,8.4,15.666666666666666,1.6600878712432743,69.25,28.14,1,72.03,3,10.0,3,10.0
6,4.4,8.4,16.0,1.6558411585456656,69.25,28.14,1,72.03,3,10.0,3,10.0
6,4.4,8.4,16.333333333333332,1.6518139318296872,69.25,28.14,1,72.03,3,10.0,3,10.0
6,4.4,8.4,16.666666666666668,1.647989603954469,69.25,28.14,1,72.03,3,10.0,3,10.0
6,4.4,8.4,17.0,1.6443532180894596,69.25,28.14,1,72.03,3,10.0,3,10.0
6,4.4,8.4,17.333333333333332,1.6408912522190036,69.25,28.14,1,72.03,3,10.0,3,10.0
6,4.4,8.4,17.666666666666668,1.637591451119001,69.25,28.14,1,72.03,3,10.0,3,10.0
6,4.4,8.4,18.0,1.634442681404774,69.25,28.14,1,72.03,3,10.0,3,10.0
6,4.4,8.4,18.333333333333332,1.6314348060369466,69.25,28.14,1,72.03,3,10.0,3,10.0
6,4.4,8.4,18.666666666666668,1.6285585753047005,69.25,28.14,1,72.03,3,10.0,3,10.0
6,4.4,8.4,19.0,1.6258055318163935,69.25,28.14,1,72.03,3,10.0,3,10.0
6,4.4,8.4,19.333333333333332,1.6231679274418251,69.25,28.14,1,72.03,3,10.0,3,10.0
6,4.4,8.4,19.666666666666668,1.6206386504881383,69.25,28.14,1,72.03,3,10.0,3,10.0
7,7.8,11.0,0.0,0.0,78.56,100.0,0,34.13,4,20.0,3,10.0
7,7.8,11.0,0.3333333333333333,0.0,78.56,100.0,0,34.13,4,20.0,3,10.0
7,7.8,11.0,0.6666666666666666,0.0,78.56,100.0,0,34.13,4,20.0,3,10.0
7,7.8,11.0,1.0,0.0,78.56,100.0,0,34.13,4,20.0,3,10.0
7,7.8,11.0,1.3333333333333333,0.0,78.56,100.0,0,34.13,4,20.0,3,10.0
7,7.8,11.0,1.6666666666666667,0.0,78.56,100.0,0,34.13,4,20.0,3,10.0
7,7.8,11.0,2.0,0.0,78.56,100.0,0,34.13,4,20.0,3,10.0
7,7.8,11.0,2.3333333333333335,16.6372793835798,78.56,100.0,0,34.13,4,20.0,3,10.0
7,7.8,11.0,2.6666666666666665,17.84785880549107,78.56,100.0,0,34.13,4,20.0,3,10.0
7,7.8,11.0,3.0,18.789420578088727,78.56,100.0,0,34.13,4,20.0,3,10.0
7,7.8,11.0,3.3333333333333335,19.461964701372768,78.56,100.0,0,34.13,4,20.0,3,10.0
7,7.8,11.0,3.6666666666666665,19.86549117534319,78.56,100.0,0,34.13,4,20.0,3,10.0
7,7.8,11.0,4.0,20.0,78.56,100.0,0,34.13,4,20.0,3,10.0
7,7.8,11.0,4.333333333333333,19.86549117534319,78.56,100.0,0,34.13,4,20.0,3,10.0
7,7.8,11.0,4.666666666666667,19.461964701372768,78.56,100.0,0,34.13,4,20.0,3,10.0
7,7.8,11.0,5.0,18.789420578088727,78.56,100.0,0,34.13,4,20.0,3,10.0
7,7.8,11.0,5.333333333333333,17.84785880549107,78.56,100.0,0,34.13,4,20.0,3,10.0
7,7.8,11.0,5.666666666666667,16.637279383579795,78.56,100.0,0,34.13,4,20.0,3,10.0
7,7.8,11.0,6.0,11.975798630273383,78.56,100.0,0,34.13,4,20.0,3,10.0
7,7.8,11.0,6.333333333333333,8.538418303960528,78.56,100.0,0,34.13,4,20.0,3,10.0
7,7.8,11.0,6.666666666666667,6.8628251790211205,78.56,100.0,0,34.13,4,20.0,3,10.0
7,7.8,11.0,7.0,5.8708474458173505,78.56,100.0,0,34.13,4,20.0,3,10.0
7,7.8,11.0,7.333333333333333,5.21501077079248,78.56,100.0,0,34.13,4,20.0,3,10.0
7,7.8,11.0,7.666666666666667,4.749212425293306,78.56,100.0,0,34.13,4,20.0,3,10.0
7,7.8,11.0,8.0,4.401305604083967,78.56,100.0,0,34.13,4,20.0,3,10.0
7,7.8,11.0,8.333333333333334,4.1315611954976905,78.56,100.0,0,34.13,4,20.0,3,10.0
7,7.8,11.0,8.666666666666666,3.916298766371485,78.56,100.0,0,34.13,4,20.0,3,10.0
7,7.8,11.0,9.0,3.74052623576779,78.56,100.0,0,34.13,4,20.0,3,10.0
7,7.8,11.0,9.333333333333334,3.5942899667241077,78.56,100.0,0,34.13,4,20.0,3,10.0
7,7.8,11.0,9.666666666666666,3.4707222066520447,78.56,100.0,0,34.13,4,20.0,3,10.0
7,7.8,11.0,10.0,3.364931228779173,78.56,100.0,0,34.13,4,20.0,3,10.0
7,7.8,11.0,10.333333333333334,3.2733383319742635,78.56,100.0,0,34.13,4,20.0,3,10.0
7,7.8,11.0,10.666666666666666,3.1932649954674037,78.56,100.0,0,34.13,4,20.0,3,10.0
7,7.8,11.0,11.0,3.12266658720102,78.56,100.0,0,34.13,4,20.0,3,10.0
7,7.8,11.0,11.333333333333334,3.0599553212239416,78.56,100.0,0,34.13,4,20.0,3,10.0
7,7.8,11.0,11.666666666666666,3.0038794126898996,78.56,100.0,0,34.13,4,20.0,3,10.0
7,7.8,11.0,12.0,2.953438664595947,78.56,100.0,0,34.13,4,20.0,3,10.0
7,7.8,11.0,12.333333333333334,2.907824285498649,78.56,100.0,0,34.13,4,20.0,3,10.0
7,7.8,11.0,12.666666666666666,2.8663751939074884,78.56,100.0,0,34.13,4,20.0,3,10.0
7,7.8,11.0,13.0,2.8285457702332755,78.56,100.0,0,34.13,4,20.0,3,10.0
7,7.8,11.0,13.333333333333334,2.793881703752992,78.56,100.0,0,34.13,4,20.0,3,10.0
7,7.8,11.0,13.666666666666666,2.762001659080255,78.56,100.0,0,34.13,4,20.0,3,10.0
7,7.8,11.0,14.0,2.732583189432695,78.56,100.0,0,34.13,4,20.0,3,10.0
7,7.8,11.0,14.333333333333334,2.705351791670192,78.56,100.0,0,34.13,4,20.0,3,10.0
7,7.8,11.0,14.666666666666666,2.680072314906829,78.56,100.0,0,34.13,4,20.0,3,10.0
7,7.8,11.0,15.0,2.6565421526692448,78.56,100.0,0,34.13,4,20.0,3,10.0
7,7.8,11.0,15.333333333333334,2.634585801078758,78.56,100.0,0,34.13,4,20.0,3,10.0
7,7.8,11.0,15.666666666666666,2.614050473623589,78.56,100.0,0,34.13,4,20.0,3,10.0
7,7.8,11.0,16.0,2.5948025406831867,78.56,100.0,0,34.13,4,20.0,3,10.0
7,7.8,11.0,16.333333333333332,2.5767246183369625,78.56,100.0,0,34.13,4,20.0,3,10.0
7,7.8,11.0,16.666666666666668,2.559713172395422,78.56,100.0,0,34.13,4,20.0,3,10.0
7,7.8,11.0,17.0,2.5436765343203147,78.56,100.0,0,34.13,4,20.0,3,10.0
7,7.8,11.0,17.333333333333332,2.5285332487260077,78.56,100.0,0,34.13,4,20.0,3,10.0
7,7.8,11.0,17.666666666666668,2.514210689564152,78.56,100.0,0,34.13,4,20.0,3,10.0
7,7.8,11.0,18.0,2.500643895369582,78.56,100.0,0,34.13,4,20.0,3,10.0
7,7.8,11.0,18.333333333333332,2.4877745841498715,78.56,100.0,0,34.13,4,20.0,3,10.0
7,7.8,11.0,18.666666666666668,2.4755503164038033,78.56,100.0,0,34.13,4,20.0,3,10.0
7,7.8,11.0,19.0,2.463923780917963,78.56,100.0,0,34.13,4,20.0,3,10.0
7,7.8,11.0,19.333333333333332,2.4528521828306435,78.56,100.0,0,34.13,4,20.0,3,10.0
7,7.8,11.0,19.666666666666668,2.4422967172769234,78.56,100.0,0,34.13,4,20.0,3,10.0
8,8.8,9.8,0.0,0.0,54.46,75.35,0,98.86,2,20.0,3,10.0
8,8.8,9.8,0.3333333333333333,16.7409444553898,54.46,75.35,0,98.86,2,20.0,3,10.0
8,8.8,9.8,0.6666666666666666,17.914204451449475,54.46,75.35,0,98.86,2,20.0,3,10.0
8,8.8,9.8,1.0,18.82674000394033,54.46,75.35,0,98.86,2,20.0,3,10.0
8,8.8,9.8,1.3333333333333333,19.47855111286237,54.46,75.35,0,98.86,2,20.0,3,10.0
8,8.8,9.8,1.6666666666666667,19.86963777821559,54.46,75.35,0,98.86,2,20.0,3,10.0
8,8.8,9.8,2.0,20.0,54.46,75.35,0,98.86,2,20.0,3,10.0
8,8.8,9.8,2.3333333333333335,19.86963777821559,54.46,75.35,0,98.86,2,20.0,3,10.0
8,8.8,9.8,2.6666666666666665,19.47855111286237,54.46,75.35,0,98.86,2,20.0,3,10.0
8,8.8,9.8,3.0,18.82674000394033,54.46,75.35,0,98.86,2,20.0,3,10.0
8,8.8,9.8,3.3333333333333335,17.914204451449475,54.46,75.35,0,98.86,2,20.0,3,10.0
8,8.8,9.8,3.6666666666666665,16.740944455389805,54.46,75.35,0,98.86,2,20.0,3,10.0
8,8.8,9.8,4.0,12.137790130343275,54.46,75.35,0,98.86,2,20.0,3,10.0
8,8.8,9.8,4.333333333333333,8.340882143453525,54.46,75.35,0,98.86,2,20.0,3,10.0
8,8.8,9.8,4.666666666666667,6.613127020819695,54.46,75.35,0,98.86,2,20.0,3,10.0
8,8.8,9.8,5.0,5.625307940752569,54.46,75.35,0,98.86,2,20.0,3,10.0
8,8.8,9.8,5.333333333333333,4.9859251846094175,54.46,75.35,0,98.86,2,20.0,3,10.0
8,8.8,9.8,5.666666666666667,4.538261049069062,54.46,75.35,0,98.86,2,20.0,3,10.0
8,8.8,9.8,6.0,4.207327925634926,54.46,75.35,0,98.86,2,20.0,3,10.0
8,8.8,9.8,6.333333333333333,3.952734516839431,54.46,75.35,0,98.86,2,20.0,3,10.0
8,8.8,9.8,6.666666666666667,3.7507973833648576,54.46,75.35,0,98.86,2,20.0,3,10.0
8,8.8,9.8,7.0,3.5867115910632976,54.46,75.35,0,98.86,2,20.0,3,10.0
8,8.8,9.8,7.333333333333333,3.4507467280981827,54.46,75.35,0,98.86,2,20.0,3,10.0
8,8.8,9.8,7.666666666666667,3.3362443329318143,54.46,75.35,0,98.86,2,20.0,3,10.0
8,8.8,9.8,8.0,3.2384942851125453,54.46,75.35,0,98.86,2,20.0,3,10.0
8,8.8,9.8,8.333333333333334,3.1540707495543145,54.46,75.35,0,98.86,2,20.0,3,10.0
8,8.8,9.8,8.666666666666666,3.0804223857335664,54.46,75.35,0,98.86,2,20.0,3,10.0
8,8.8,9.8,9.0,3.015610051969501,54.46,75.35,0,98.86,2,20.0,3,10.0
8,8.8,9.8,9.333333333333334,2.958133574404045,54.46,75.35,0,98.86,2,20.0,3,10.0
8,8.8,9.8,9.666666666666666,2.9068141874038096,54.46,75.35,0,98.86,2,20.0,3,10.0
8,8.8,9.8,10.0,2.8607128335022454,54.46,75.35,0,98.86,2,20.0,3,10.0
8,8.8,9.8,10.333333333333334,2.819072178874504,54.46,75.35,0,98.86,2,20.0,3,10.0
8,8.8,9.8,10.666666666666666,2.7812746835865023,54.46,75.35,0,98.86,2,20.0,3,10.0
8,8.8,9.8,11.0,2.7468117692578344,54.46,75.35,0,98.86,2,20.0,3,10.0
8,8.8,9.8,11.333333333333334,2.7152608022687534,54.46,75.35,0,98.86,2,20.0,3,10.0
8,8.8,9.8,11.666666666666666,2.6862676748873238,54.46,75.35,0,98.86,2,20.0,3,10.0
8,8.8,9.8,12.0,2.6595334578102063,54.46,75.35,0,98.86,2,20.0,3,10.0
8,8.8,9.8,12.333333333333334,2.634804055505059,54.46,75.35,0,98.86,2,20.0,3,10.0
8,8.8,9.8,12.666666666666666,2.6118621047014203,54.46,75.35,0,98.86,2,20.0,3,10.0
8,8.8,9.8,13.0,2.5905205683484303,54.46,75.35,0,98.86,2,20.0,3,10.0
8,8.8,9.8,13.333333333333334,2.5706176250305264,54.46,75.35,0,98.86,2,20.0,3,10.0
8,8.8,9.8,13.666666666666666,2.5520125581709996,54.46,75.35,0,98.86,2,20.0,3,10.0
8,8.8,9.8,14.0,2.534582424041022,54.46,75.35,0,98.86,2,20.0,3,10.0
8,8.8,9.8,14.333333333333334,2.518219331704351,54.46,75.35,0,98.86,2,20.0,3,10.0
8,8.8,9.8,14.666666666666666,2.502828207676193,54.46,75.35,0,98.86,2,20.0,3,10.0
8,8.8,9.8,15.0,2.4883249474307085,54.46,75.35,0,98.86,2,20.0,3,10.0
8,8.8,9.8,15.333333333333334,2.4746348778406975,54.46,75.35,0,98.86,2,20.0,3,10.0
8,8.8,9.8,15.666666666666666,2.4616914711951203,54.46,75.35,0,98.86,2,20.0,3,10.0
8,8.8,9.8,16.0,2.449435264045186,54.46,75.35,0,98.86,2,20.0,3,10.0
8,8.8,9.8,16.333333333333332,2.4378129438011933,54.46,75.35,0,98.86,2,20.0,3,10.0
8,8.8,9.8,16.666666666666668,2.4267765734795392,54.46,75.35,0,98.86,2,20.0,3,10.0
8,8.8,9.8,17.0,2.4162829308219105,54.46,75.35,0,98.86,2,20.0,3,10.0
8,8.8,9.8,17.333333333333332,2.406292942573671,54.46,75.35,0,98.86,2,20.0,3,10.0
8,8.8,9.8,17.666666666666668,2.396771198310612,54.46,75.35,0,98.86,2,20.0,3,10.0
8,8.8,9.8,18.0,2.387685531063018,54.46,75.35,0,98.86,2,20.0,3,10.0
8,8.8,9.8,18.333333333333332,2.3790066542695927,54.46,75.35,0,98.86,2,20.0,3,10.0
8,8.8,9.8,18.666666666666668,2.3707078464273774,54.46,75.35,0,98.86,2,20.0,3,10.0
8,8.8,9.8,19.0,2.3627646762837706,54.46,75.35,0,98.86,2,20.0,3,10.0
8,8.8,9.8,19.333333333333332,2.3551547626173375,54.46,75.35,0,98.86,2,20.0,3,10.0
8,8.8,9.8,19.666666666666668,2.347857563632645,54.46,75.35,0,98.86,2,20.0,3,10.0
9,7.7,8.2,0.0,0.0,69.25,100.0,1,77.89,2,20.0,3,10.0
9,7.7,8.2,0.3333333333333333,0.0,69.25,100.0,1,77.89,2,20.0,3,10.0
9,7.7,8.2,0.6666666666666666,0.0,69.25,100.0,1,77.89,2,20.0,3,10.0
9,7.7,8.2,1.0,0.0,69.25,100.0,1,77.89,2,20.0,3,10.0
9,7.7,8.2,1.3333333333333333,17.2703970523166,69.25,100.0,1,77.89,2,20.0,3,10.0
9,7.7,8.2,1.6666666666666667,19.31759926307915,69.25,100.0,1,77.89,2,20.0,3,10.0
9,7.7,8.2,2.0,20.0,69.25,100.0,1,77.89,2,20.0,3,10.0
9,7.7,8.2,2.3333333333333335,19.31759926307915,69.25,100.0,1,77.89,2,20.0,3,10.0
9,7.7,8.2,2.6666666666666665,17.2703970523166,69.25,100.0,1,77.89,2,20.0,3,10.0
9,7.7,8.2,3.0,11.265495306780645,69.25,100.0,1,77.89,2,20.0,3,10.0
9,7.7,8.2,3.3333333333333335,7.848834105359767,69.25,100.0,1,77.89,2,20.0,3,10.0
9,7.7,8.2,3.6666666666666665,6.273117503186738,69.25,100.0,1,77.89,2,20.0,3,10.0
9,7.7,8.2,4.0,5.366231355049029,69.25,100.0,1,77.89,2,20.0,3,10.0
9,7.7,8.2,4.333333333333333,4.776890344345255,69.25,100.0,1,77.89,2,20.0,3,10.0
9,7.7,8.2,4.666666666666667,4.363161252616571,69.25,100.0,1,77.89,2,20.0,3,10.0
9,7.7,8.2,5.0,4.056729044626094,69.25,100.0,1,77.89,2,20.0,3,10.0
9,7.7,8.2,5.333333333333333,3.8206451495750455,69.25,100.0,1,77.89,2,20.0,3,10.0
9,7.7,8.2,5.666666666666667,3.6331789193478197,69.25,100.0,1,77.89,2,20.0,3,10.0
9,7.7,8.2,6.0,3.480714320831947,69.25,100.0,1,77.89,2,20.0,3,10.0
9,7.7,8.2,6.333333333333333,3.354285662376962,69.25,100.0,1,77.89,2,20.0,3,10.0
9,7.7,8.2,6.666666666666667,3.2477484583659613,69.25,100.0,1,77.89,2,20.0,3,10.0
9,7.7,8.2,7.0,3.156750682302917,69.25,100.0,1,77.89,2,20.0,3,10.0
9,7.7,8.2,7.333333333333333,3.0781235781946688,69.25,100.0,1,77.89,2,20.0,3,10.0
9,7.7,8.2,7.666666666666667,3.0095051071838457,69.25,100.0,1,77.89,2,20.0,3,10.0
9,7.7,8.2,8.0,2.949098586832939,69.25,100.0,1,77.89,2,20.0,3,10.0
9,7.7,8.2,8.333333333333334,2.8955130928303707,69.25,100.0,1,77.89,2,20.0,3,10.0
9,7.7,8.2,8.666666666666666,2.847655036257759,69.25,100.0,1,77.89,2,20.0,3,10.0
9,7.7,8.2,9.0,2.804652743146552,69.25,100.0,1,77.89,2,20.0,3,10.0
9,7.7,8.2,9.333333333333334,2.7658028825182903,69.25,100.0,1,77.89,2,20.0,3,10.0
9,7.7,8.2,9.666666666666666,2.7305316988593247,69.25,100.0,1,77.89,2,20.0,3,10.0
9,7.7,8.2,10.0,2.698366486169164,69.25,100.0,1,77.89,2,20.0,3,10.0
9,7.7,8.2,10.333333333333334,2.668914280157636,69.25,100.0,1,77.89,2,20.0,3,10.0
9,7.7,8.2,10.666666666666666,2.6418457239431383,69.25,100.0,1,77.89,2,20.0,3,10.0
9,7.7,8.2,11.0,2.616882698776954,69.25,100.0,1,77.89,2,20.0,3,10.0
9,7.7,8.2,11.333333333333334,2.5937887331462957,69.25,100.0,1,77.89,2,20.0,3,10.0
9,7.7,8.2,11.666666666666666,2.572361488439107,69.25,100.0,1,77.89,2,20.0,3,10.0
9,7.7,8.2,12.0,2.5524268149012936,69.25,100.0,1,77.89,2,20.0,3,10.0
9,7.7,8.2,12.333333333333334,2.5338340079314916,69.25,100.0,1,77.89,2,20.0,3,10.0
9,7.7,8.2,12.666666666666666,2.516451991126426,69.25,100.0,1,77.89,2,20.0,3,10.0
9,7.7,8.2,13.0,2.5001662215081355,69.25,100.0,1,77.89,2,20.0,3,10.0
9,7.7,8.2,13.333333333333334,2.4848761623935998,69.25,100.0,1,77.89,2,20.0,3,10.0
9,7.7,8.2,13.666666666666666,2.470493206040305,69.25,100.0,1,77.89,2,20.0,3,10.0
9,7.7,8.2,14.0,2.456938955365857,69.25,100.0,1,77.89,2,20.0,3,10.0
9,7.7,8.2,14.333333333333334,2.44414379435833,69.25,100.0,1,77.89,2,20.0,3,10.0
9,7.7,8.2,14.666666666666666,2.4320456921315134,69.25,100.0,1,77.89,2,20.0,3,10.0
9,7.7,8.2,15.0,2.420589197256349,69.25,100.0,1,77.89,2,20.0,3,10.0
9,7.7,8.2,15.333333333333334,2.4097245879622253,69.25,100.0,1,77.89,2,20.0,3,10.0
9,7.7,8.2,15.666666666666666,2.399407150732976,69.25,100.0,1,77.89,2,20.0,3,10.0
9,7.7,8.2,16.0,2.3895965652213897,69.25,100.0,1,77.89,2,20.0,3,10.0
9,7.7,8.2,16.333333333333332,2.380256377640076,69.25,100.0,1,77.89,2,20.0,3,10.0
9,7.7,8.2,16.666666666666668,2.371353548128387,69.25,100.0,1,77.89,2,20.0,3,10.0
9,7.7,8.2,17.0,2.362858060248902,69.25,100.0,1,77.89,2,20.0,3,10.0
9,7.7,8.2,17.333333333333332,2.3547425828865904,69.25,100.0,1,77.89,2,20.0,3,10.0
9,7.7,8.2,17.666666666666668,2.346982176526066,69.25,100.0,1,77.89,2,20.0,3,10.0
9,7.7,8.2,18.0,2.339554037256666,69.25,100.0,1,77.89,2,20.0,3,10.0
9,7.7,8.2,18.333333333333332,2.33243727297014,69.25,100.0,1,77.89,2,20.0,3,10.0
9,7.7,8.2,18.666666666666668,2.3256127071248125,69.25,100.0,1,77.89,2,20.0,3,10.0
9,7.7,8.2,19.0,2.319062706194536,69.25,100.0,1,77.89,2,20.0,3,10.0
9,7.7,8.2,19.333333333333332,2.312771027533113,69.25,100.0,1,77.89,2,20.0,3,10.0
9,7.7,8.2,19.666666666666668,2.3067226848906346,69.25,100.0,1,77.89,2,20.0,3,10.0
10,6.3,7.9,0.0,0.0,49.91,100.0,1,100.0,4,15.0,3,10.0
10,6.3,7.9,0.3333333333333333,0.0,49.91,100.0,1,100.0,4,15.0,3,10.0
10,6.3,7.9,0.6666666666666666,0.0,49.91,100.0,1,100.0,4,15.0,3,10.0
10,6.3,7.9,1.0,0.0,49.91,100.0,1,100.0,4,15.0,3,10.0
10,6.3,7.9,1.3333333333333333,0.0,49.91,100.0,1,100.0,4,15.0,3,10.0
10,6.3,7.9,1.6666666666666667,0.0,49.91,100.0,1,100.0,4,15.0,3,10.0
10,6.3,7.9,2.0,0.0,49.91,100.0,1,100.0,4,15.0,3,10.0
10,6.3,7.9,2.3333333333333335,0.0,49.91,100.0,1,100.0,4,15.0,3,10.0
10,6.3,7.9,2.6666666666666665,0.0,49.91,100.0,1,100.0,4,15.0,3,10.0
10,6.3,7.9,3.0,12.651259250002465,49.91,100.0,1,100.0,4,15.0,3,10.0
10,6.3,7.9,3.3333333333333335,13.956115222223318,49.91,100.0,1,100.0,4,15.0,3,10.0
10,6.3,7.9,3.6666666666666665,14.73902880555583,49.91,100.0,1,100.0,4,15.0,3,10.0
10,6.3,7.9,4.0,15.0,49.91,100.0,1,100.0,4,15.0,3,10.0
10,6.3,7.9,4.333333333333333,14.73902880555583,49.91,100.0,1,100.0,4,15.0,3,10.0
10,6.3,7.9,4.666666666666667,13.956115222223318,49.91,100.0,1,100.0,4,15.0,3,10.0
10,6.3,7.9,5.0,12.651259250002465,49.91,100.0,1,100.0,4,15.0,3,10.0
10,6.3,7.9,5.333333333333333,8.689148509069064,49.91,100.0,1,100.0,4,15.0,3,10.0
10,6.3,7.9,5.666666666666667,6.285501339286173,49.91,100.0,1,100.0,4,15.0,3,10.0
10,6.3,7.9,6.0,5.118640226996355,49.91,100.0,1,100.0,4,15.0,3,10.0
10,6.3,7.9,6.333333333333333,4.429323243806197,49.91,100.0,1,100.0,4,15.0,3,10.0
10,6.3,7.9,6.666666666666667,3.9741920238969386,49.91,100.0,1,100.0,4,15.0,3,10.0
10,6.3,7.9,7.0,3.6512333588829584,49.91,100.0,1,100.0,4,15.0,3,10.0
10,6.3,7.9,7.333333333333333,3.4101719288945267,49.91,100.0,1,100.0,4,15.0,3,10.0
10,6.3,7.9,7.666666666666667,3.2233613082064165,49.91,100.0,1,100.0,4,15.0,3,10.0
10,6.3,7.9,8.0,3.0743401165627366,49.91,100.0,1,100.0,4,15.0,3,10.0
10,6.3,7.9,8.333333333333334,2.9526951023136654,49.91,100.0,1,100.0,4,15.0,3,10.0
10,6.3,7.9,8.666666666666666,2.851517116634036,49.91,100.0,1,100.0,4,15.0,3,10.0
10,6.3,7.9,9.0,2.766041556106754,49.91,100.0,1,100.0,4,15.0,3,10.0
10,6.3,7.9,9.333333333333334,2.6928762171807126,49.91,100.0,1,100.0,4,15.0,3,10.0
10,6.3,7.9,9.666666666666666,2.6295403548115592,49.91,100.0,1,100.0,4,15.0,3,10.0
10,6.3,7.9,10.0,2.5741778243941322,49.91,100.0,1,100.0,4,15.0,3,10.0
10,6.3,7.9,10.333333333333334,2.5253721456511333,49.91,100.0,1,100.0,4,15.0,3,10.0
10,6.3,7.9,10.666666666666666,2.482023601593968,49.91,100.0,1,100.0,4,15.0,3,10.0
10,6.3,7.9,11.0,2.4432653806970617,49.91,100.0,1,100.0,4,15.0,3,10.0
10,6.3,7.9,11.333333333333334,2.4084050194622812,49.91,100.0,1,100.0,4,15.0,3,10.0
10,6.3,7.9,11.666666666666666,2.3768826662539584,49.91,100.0,1,100.0,4,15.0,3,10.0
10,6.3,7.9,12.0,2.348240786530675,49.91,100.0,1,100.0,4,15.0,3,10.0
10,6.3,7.9,12.333333333333334,2.3221018101055737,49.91,100.0,1,100.0,4,15.0,3,10.0
10,6.3,7.9,12.666666666666666,2.298151393044785,49.91,100.0,1,100.0,4,15.0,3,10.0
10,6.3,7.9,13.0,2.2761257149623666,49.91,100.0,1,100.0,4,15.0,3,10.0
10,6.3,7.9,13.333333333333334,2.255801720513179,49.91,100.0,1,100.0,4,15.0,3,10.0
10,6.3,7.9,13.666666666666666,2.2369895385629506,49.91,100.0,1,100.0,4,15.0,3,10.0
10,6.3,7.9,14.0,2.2195265324087385,49.91,100.0,1,100.0,4,15.0,3,10.0
10,6.3,7.9,14.333333333333334,2.2032725858068494,49.91,100.0,1,100.0,4,15.0,3,10.0
10,6.3,7.9,14.666666666666666,2.188106335362184,49.91,100.0,1,100.0,4,15.0,3,10.0
10,6.3,7.9,15.0,2.1739221348021562,49.91,100.0,1,100.0,4,15.0,3,10.0
10,6.3,7.9,15.333333333333334,2.160627590467709,49.91,100.0,1,100.0,4,15.0,3,10.0
10,6.3,7.9,15.666666666666666,2.148141546437548,49.91,100.0,1,100.0,4,15.0,3,10.0
10,6.3,7.9,16.0,2.13639242640516,49.91,100.0,1,100.0,4,15.0,3,10.0
10,6.3,7.9,16.333333333333332,2.1253168607267865,49.91,100.0,1,100.0,4,15.0,3,10.0
10,6.3,7.9,16.666666666666668,2.114858543015742,49.91,100.0,1,100.0,4,15.0,3,10.0
10,6.3,7.9,17.0,2.104967272722254,49.91,100.0,1,100.0,4,15.0,3,10.0
10,6.3,7.9,17.333333333333332,2.0955981493360842,49.91,100.0,1,100.0,4,15.0,3,10.0
10,6.3,7.9,17.666666666666668,2.086710890918459,49.91,100.0,1,100.0,4,15.0,3,10.0
10,6.3,7.9,18.0,2.07826925514399,49.91,100.0,1,100.0,4,15.0,3,10.0
10,6.3,7.9,18.333333333333332,2.0702405453024793,49.91,100.0,1,100.0,4,15.0,3,10.0
10,6.3,7.9,18.666666666666668,2.0625951870624086,49.91,100.0,1,100.0,4,15.0,3,10.0
10,6.3,7.9,19.0,2.055306364446392,49.91,100.0,1,100.0,4,15.0,3,10.0
10,6.3,7.9,19.333333333333332,2.0483497055742346,49.91,100.0,1,100.0,4,15.0,3,10.0
10,6.3,7.9,19.666666666666668,2.0417030104124727,49.91,100.0,1,100.0,4,15.0,3,10.0
11,5.4,8.2,0.0,0.0,61.91,68.25,1,66.61,4,10.0,3,10.0
11,5.4,8.2,0.3333333333333333,0.0,61.91,68.25,1,66.61,4,10.0,3,10.0
11,5.4,8.2,0.6666666666666666,0.0,61.91,68.25,1,66.61,4,10.0,3,10.0
11,5.4,8.2,1.0,0.0,61.91,68.25,1,66.61,4,10.0,3,10.0
11,5.4,8.2,1.3333333333333333,0.0,61.91,68.25,1,66.61,4,10.0,3,10.0
11,5.4,8.2,1.6666666666666667,0.0,61.91,68.25,1,66.61,4,10.0,3,10.0
11,5.4,8.2,2.0,0.0,61.91,68.25,1,66.61,4,10.0,3,10.0
11,5.4,8.2,2.3333333333333335,0.0,61.91,68.25,1,66.61,4,10.0,3,10.0
11,5.4,8.2,2.6666666666666665,0.0,61.91,68.25,1,66.61,4,10.0,3,10.0
11,5.4,8.2,3.0,0.0,61.91,68.25,1,66.61,4,10.0,3,10.0
11,5.4,8.2,3.3333333333333335,0.0,61.91,68.25,1,66.61,4,10.0,3,10.0
11,5.4,8.2,3.6666666666666665,9.113761283114087,61.91,68.25,1,66.61,4,10.0,3,10.0
11,5.4,8.2,4.0,10.0,61.91,68.25,1,66.61,4,10.0,3,10.0
11,5.4,8.2,4.333333333333333,9.11376128311409,61.91,68.25,1,66.61,4,10.0,3,10.0
11,5.4,8.2,4.666666666666667,5.524723104336542,61.91,68.25,1,66.61,4,10.0,3,10.0
11,5.4,8.2,5.0,3.7802281991002005,61.91,68.25,1,66.61,4,10.0,3,10.0
11,5.4,8.2,5.333333333333333,3.0907332849704026,61.91,68.25,1,66.61,4,10.0,3,10.0
11,5.4,8.2,5.666666666666667,2.7214050789710384,61.91,68.25,1,66.61,4,10.0,3,10.0
11,5.4,8.2,6.0,2.4912595714483654,61.91,68.25,1,66.61,4,10.0,3,10.0
11,5.4,8.2,6.333333333333333,2.3340938899485844,61.91,68.25,1,66.61,4,10.0,3,10.0
11,5.4,8.2,6.666666666666667,2.219945464256928,61.91,68.25,1,66.61,4,10.0,3,10.0
11,5.4,8.2,7.0,2.133279176565169,61.91,68.25,1,66.61,4,10.0,3,10.0
11,5.4,8.2,7.333333333333333,2.0652365833686237,61.91,68.25,1,66.61,4,10.0,3,10.0
11,5.4,8.2,7.666666666666667,2.0103970438587866,61.91,68.25,1,66.61,4,10.0,3,10.0
11,5.4,8.2,8.0,1.965257523371422,61.91,68.25,1,66.61,4,10.0,3,10.0
11,5.4,8.2,8.333333333333334,1.927453528358343,61.91,68.25,1,66.61,4,10.0,3,10.0
11,5.4,8.2,8.666666666666666,1.8953313117628954,61.91,68.25,1,66.61,4,10.0,3,10.0
11,5.4,8.2,9.0,1.8676994835760377,61.91,68.25,1,66.61,4,10.0,3,10.0
11,5.4,8.2,9.333333333333334,1.8436779838402064,61.91,68.25,1,66.61,4,10.0,3,10.0
11,5.4,8.2,9.666666666666666,1.8226026242099165,61.91,68.25,1,66.61,4,10.0,3,10.0
11,5.4,8.2,10.0,1.8039627229050794,61.91,68.25,1,66.61,4,10.0,3,10.0
11,5.4,8.2,10.333333333333334,1.7873591792911836,61.91,68.25,1,66.61,4,10.0,3,10.0
11,5.4,8.2,10.666666666666666,1.772475577476106,61.91,68.25,1,66.61,4,10.0,3,10.0
11,5.4,8.2,11.0,1.7590578277298783,61.91,68.25,1,66.61,4,10.0,3,10.0
11,5.4,8.2,11.333333333333334,1.7468995408049872,61.91,68.25,1,66.61,4,10.0,3,10.0
11,5.4,8.2,11.666666666666666,1.7358313361647433,61.91,68.25,1,66.61,4,10.0,3,10.0
11,5.4,8.2,12.0,1.7257129026189195,61.91,68.25,1,66.61,4,10.0,3,10.0
11,5.4,8.2,12.333333333333334,1.7164270187237154,61.91,68.25,1,66.61,4,10.0,3,10.0
11,5.4,8.2,12.666666666666666,1.7078749908708701,61.91,68.25,1,66.61,4,10.0,3,10.0
11,5.4,8.2,13.0,1.6999731318360438,61.91,68.25,1,66.61,4,10.0,3,10.0
11,5.4,8.2,13.333333333333334,1.6926500130713953,61.91,68.25,1,66.61,4,10.0,3,10.0
11,5.4,8.2,13.666666666666666,1.6858442994048684,61.91,68.25,1,66.61,4,10.0,3,10.0
11,5.4,8.2,14.0,1.679503027038356,61.91,68.25,1,66.61,4,10.0,3,10.0
11,5.4,8.2,14.333333333333334,1.6735802224564504,61.91,68.25,1,66.61,4,10.0,3,10.0
11,5.4,8.2,14.666666666666666,1.6680357860210853,61.91,68.25,1,66.61,4,10.0,3,10.0
11,5.4,8.2,15.0,1.662834582902406,61.91,68.25,1,66.61,4,10.0,3,10.0
11,5.4,8.2,15.333333333333334,1.6579456977709657,61.91,68.25,1,66.61,4,10.0,3,10.0
11,5.4,8.2,15.666666666666666,1.6533418198374878,61.91,68.25,1,66.61,4,10.0,3,10.0
11,5.4,8.2,16.0,1.6489987323974271,61.91,68.25,1,66.61,4,10.0,3,10.0
11,5.4,8.2,16.333333333333332,1.6448948867318351,61.91,68.25,1,66.61,4,10.0,3,10.0
11,5.4,8.2,16.666666666666668,1.641011044536597,61.91,68.25,1,66.61,4,10.0,3,10.0
11,5.4,8.2,17.0,1.637329976357595,61.91,68.25,1,66.61,4,10.0,3,10.0
11,5.4,8.2,17.333333333333332,1.6338362060579887,61.91,68.25,1,66.61,4,10.0,3,10.0
11,5.4,8.2,17.666666666666668,1.6305157933233694,61.91,68.25,1,66.61,4,10.0,3,10.0
11,5.4,8.2,18.0,1.6273561477587966,61.91,68.25,1,66.61,4,10.0,3,10.0
11,5.4,8.2,18.333333333333332,1.6243458693506254,61.91,68.25,1,66.61,4,10.0,3,10.0
11,5.4,8.2,18.666666666666668,1.621474611031616,61.91,68.25,1,66.61,4,10.0,3,10.0
11,5.4,8.2,19.0,1.6187329598572653,61.91,68.25,1,66.61,4,10.0,3,10.0
11,5.4,8.2,19.333333333333332,1.6161123339179093,61.91,68.25,1,66.61,4,10.0,3,10.0
11,5.4,8.2,19.666666666666668,1.613604892607898,61.91,68.25,1,66.61,4,10.0,3,10.0
12,5.8,6.8,0.0,0.0,73.79,96.4,1,78.7,1,10.0,3,10.0
12,5.8,6.8,0.3333333333333333,8.35877144656045,73.79,96.4,1,78.7,1,10.0,3,10.0
12,5.8,6.8,0.6666666666666666,9.589692861640113,73.79,96.4,1,78.7,1,10.0,3,10.0
12,5.8,6.8,1.0,10.0,73.79,96.4,1,78.7,1,10.0,3,10.0
12,5.8,6.8,1.3333333333333333,9.589692861640113,73.79,96.4,1,78.7,1,10.0,3,10.0
12,5.8,6.8,1.6666666666666667,8.35877144656045,73.79,96.4,1,78.7,1,10.0,3,10.0
12,5.8,6.8,2.0,5.256107395551782,73.79,96.4,1,78.7,1,10.0,3,10.0
12,5.8,6.8,2.3333333333333335,3.950376315130456,73.79,96.4,1,78.7,1,10.0,3,10.0
12,5.8,6.8,2.6666666666666665,3.318287296766625,73.79,96.4,1,78.7,1,10.0,3,10.0
12,5.8,6.8,3.0,2.9454300840583243,73.79,96.4,1,78.7,1,10.0,3,10.0
12,5.8,6.8,3.3333333333333335,2.6994677433837424,73.79,96.4,1,78.7,1,10.0,3,10.0
12,5.8,6.8,3.6666666666666665,2.525041105654824,73.79,96.4,1,78.7,1,10.0,3,10.0
12,5.8,6.8,4.0,2.394904119834629,73.79,96.4,1,78.7,1,10.0,3,10.0
12,5.8,6.8,4.333333333333333,2.294088387946355,73.79,96.4,1,78.7,1,10.0,3,10.0
12,5.8,6.8,4.666666666666667,2.213687658889614,73.79,96.4,1,78.7,1,10.0,3,10.0
12,5.8,6.8,5.0,2.1480710526016247,73.79,96.4,1,78.7,1,10.0,3,10.0
12,5.8,6.8,5.333333333333333,2.0935041459319788,73.79,96.4,1,78.7,1,10.0,3,10.0
12,5.8,6.8,5.666666666666667,2.0474125778466066,73.79,96.4,1,78.7,1,10.0,3,10.0
12,5.8,6.8,6.0,2.0079640581807583,73.79,96.4,1,78.7,1,10.0,3,10.0
12,5.8,6.8,6.333333333333333,1.9738189594110067,73.79,96.4,1,78.7,1,10.0,3,10.0
12,5.8,6.8,6.666666666666667,1.943975163266558,73.79,96.4,1,78.7,1,10.0,3,10.0
12,5.8,6.8,7.0,1.917668067656296,73.79,96.4,1,78.7,1,10.0,3,10.0
12,5.8,6.8,7.333333333333333,1.8943041546406754,73.79,96.4,1,78.7,1,10.0,3,10.0
12,5.8,6.8,7.666666666666667,1.8734156740441272,73.79,96.4,1,78.7,1,10.0,3,10.0
12,5.8,6.8,8.0,1.8546290063633264,73.79,96.4,1,78.7,1,10.0,3,10.0
12,5.8,6.8,8.333333333333334,1.8376421182605698,73.79,96.4,1,78.7,1,10.0,3,10.0
12,5.8,6.8,8.666666666666666,1.8222082012320466,73.79,96.4,1,78.7,1,10.0,3,10.0
12,5.8,6.8,9.0,1.8081236014668618,73.79,96.4,1,78.7,1,10.0,3,10.0
12,5.8,6.8,9.333333333333334,1.795218782832627,73.79,96.4,1,78.7,1,10.0,3,10.0
12,5.8,6.8,9.666666666666666,1.7833514695004467,73.79,96.4,1,78.7,1,10.0,3,10.0
12,5.8,6.8,10.0,1.7724013785855817,73.79,96.4,1,78.7,1,10.0,3,10.0
12,5.8,6.8,10.333333333333334,1.7622661286853183,73.79,96.4,1,78.7,1,10.0,3,10.0
12,5.8,6.8,10.666666666666666,1.7528580290387497,73.79,96.4,1,78.7,1,10.0,3,10.0
12,5.8,6.8,11.0,1.744101535836438,73.79,96.4,1,78.7,1,10.0,3,10.0
12,5.8,6.8,11.333333333333334,1.7359312193688525,73.79,96.4,1,78.7,1,10.0,3,10.0
12,5.8,6.8,11.666666666666666,1.7282901262020105,73.79,96.4,1,78.7,1,10.0,3,10.0
12,5.8,6.8,12.0,1.7211284496336852,73.79,96.4,1,78.7,1,10.0,3,10.0
12,5.8,6.8,12.333333333333334,1.7144024427919522,73.79,96.4,1,78.7,1,10.0,3,10.0
12,5.8,6.8,12.666666666666666,1.708073524238373,73.79,96.4,1,78.7,1,10.0,3,10.0
12,5.8,6.8,13.0,1.7021075374387022,73.79,96.4,1,78.7,1,10.0,3,10.0
12,5.8,6.8,13.333333333333334,1.6964741340795488,73.79,96.4,1,78.7,1,10.0,3,10.0
12,5.8,6.8,13.666666666666666,1.6911462577222953,73.79,96.4,1,78.7,1,10.0,3,10.0
12,5.8,6.8,14.0,1.6860997092508911,73.79,96.4,1,78.7,1,10.0,3,10.0
12,5.8,6.8,14.333333333333334,1.6813127793859828,73.79,96.4,1,78.7,1,10.0,3,10.0
12,5.8,6.8,14.666666666666666,1.676765936492459,73.79,96.4,1,78.7,1,10.0,3,10.0
12,5.8,6.8,15.0,1.6724415602115843,73.79,96.4,1,78.7,1,10.0,3,10.0
12,5.8,6.8,15.333333333333334,1.6683237132577862,73.79,96.4,1,78.7,1,10.0,3,10.0
12,5.8,6.8,15.666666666666666,1.6643979451493711,73.79,96.4,1,78.7,1,10.0,3,10.0
12,5.8,6.8,16.0,1.6606511227784853,73.79,96.4,1,78.7,1,10.0,3,10.0
12,5.8,6.8,16.333333333333332,1.6570712836338513,73.79,96.4,1,78.7,1,10.0,3,10.0
12,5.8,6.8,16.666666666666668,1.653647508219849,73.79,96.4,1,78.7,1,10.0,3,10.0
12,5.8,6.8,17.0,1.6503698088053829,73.79,96.4,1,78.7,1,10.0,3,10.0
12,5.8,6.8,17.333333333333332,1.647229032114978,73.79,96.4,1,78.7,1,10.0,3,10.0
12,5.8,6.8,17.666666666666668,1.6442167739653257,73.79,96.4,1,78.7,1,10.0,3,10.0
12,5.8,6.8,18.0,1.641325304170781,73.79,96.4,1,78.7,1,10.0,3,10.0
12,5.8,6.8,18.333333333333332,1.6385475003049303,73.79,96.4,1,78.7,1,10.0,3,10.0
12,5.8,6.8,18.666666666666668,1.6358767891232315,73.79,96.4,1,78.7,1,10.0,3,10.0
12,5.8,6.8,19.0,1.6333070946325243,73.79,96.4,1,78.7,1,10.0,3,10.0
12,5.8,6.8,19.333333333333332,1.630832791943807,73.79,96.4,1,78.7,1,10.0,3,10.0
12,5.8,6.8,19.666666666666668,1.6284486661705757,73.79,96.4,1,78.7,1,10.0,3,10.0
13,6.7,5.8,0.0,0.0,60.71,45.68,0,33.14,4,25.0,3,10.0
13,6.7,5.8,0.3333333333333333,0.0,60.71,45.68,0,33.14,4,25.0,3,10.0
13,6.7,5.8,0.6666666666666666,0.0,60.71,45.68,0,33.14,4,25.0,3,10.0
13,6.7,5.8,1.0,0.0,60.71,45.68,0,33.14,4,25.0,3,10.0
13,6.7,5.8,1.3333333333333333,0.0,60.71,45.68,0,33.14,4,25.0,3,10.0
13,6.7,5.8,1.6666666666666667,0.0,60.71,45.68,0,33.14,4,25.0,3,10.0
13,6.7,5.8,2.0,0.0,60.71,45.68,0,33.14,4,25.0,3,10.0
13,6.7,5.8,2.3333333333333335,20.018261668347446,60.71,45.68,0,33.14,4,25.0,3,10.0
13,6.7,5.8,2.6666666666666665,21.811687467742363,60.71,45.68,0,33.14,4,25.0,3,10.0
13,6.7,5.8,3.0,23.20657420060508,60.71,45.68,0,33.14,4,25.0,3,10.0
13,6.7,5.8,3.3333333333333335,24.20292186693559,60.71,45.68,0,33.14,4,25.0,3,10.0
13,6.7,5.8,3.6666666666666665,24.800730466733896,60.71,45.68,0,33.14,4,25.0,3,10.0
13,6.7,5.8,4.0,25.0,60.71,45.68,0,33.14,4,25.0,3,10.0
13,6.7,5.8,4.333333333333333,24.800730466733896,60.71,45.68,0,33.14,4,25.0,3,10.0
13,6.7,5.8,4.666666666666667,24.20292186693559,60.71,45.68,0,33.14,4,25.0,3,10.0
13,6.7,5.8,5.0,23.20657420060508,60.71,45.68,0,33.14,4,25.0,3,10.0
13,6.7,5.8,5.333333333333333,21.811687467742367,60.71,45.68,0,33.14,4,25.0,3,10.0
13,6.7,5.8,5.666666666666667,20.018261668347442,60.71,45.68,0,33.14,4,25.0,3,10.0
13,6.7,5.8,6.0,11.525842403675453,60.71,45.68,0,33.14,4,25.0,3,10.0
13,6.7,5.8,6.333333333333333,8.509725596173475,60.71,45.68,0,33.14,4,25.0,3,10.0
13,6.7,5.8,6.666666666666667,6.973756979892921,60.71,45.68,0,33.14,4,25.0,3,10.0
13,6.7,5.8,7.0,6.043045451923979,60.71,45.68,0,33.14,4,25.0,3,10.0
13,6.7,5.8,7.333333333333333,5.418719554042076,60.71,45.68,0,33.14,4,25.0,3,10.0
13,6.7,5.8,7.666666666666667,4.970870930040789,60.71,45.68,0,33.14,4,25.0,3,10.0
13,6.7,5.8,8.0,4.633938721904422,60.71,45.68,0,33.14,4,25.0,3,10.0
13,6.7,5.8,8.333333333333334,4.371258064799769,60.71,45.68,0,33.14,4,25.0,3,10.0
13,6.7,5.8,8.666666666666666,4.1607202493626385,60.71,45.68,0,33.14,4,25.0,3,10.0
13,6.7,5.8,9.0,3.988201346390981,60.71,45.68,0,33.14,4,25.0,3,10.0
13,6.7,5.8,9.333333333333334,3.8442559961477216,60.71,45.68,0,33.14,4,25.0,3,10.0
13,6.7,5.8,9.666666666666666,3.7223283386737966,60.71,45.68,0,33.14,4,25.0,3,10.0
13,6.7,5.8,10.0,3.617725579529612,60.71,45.68,0,33.14,4,25.0,3,10.0
13,6.7,5.8,10.333333333333334,3.5270000750552306,60.71,45.68,0,33.14,4,25.0,3,10.0
13,6.7,5.8,10.666666666666666,3.447562048443368,60.71,45.68,0,33.14,4,25.0,3,10.0
13,6.7,5.8,11.0,3.3774283904779354,60.71,45.68,0,33.14,4,25.0,3,10.0
13,6.7,5.8,11.333333333333334,3.3150548439568275,60.71,45.68,0,33.14,4,25.0,3,10.0
13,6.7,5.8,11.666666666666666,3.259220972964293,60.71,45.68,0,33.14,4,25.0,3,10.0
13,6.7,5.8,12.0,3.20894951170688,60.71,45.68,0,33.14,4,25.0,3,10.0
13,6.7,5.8,12.333333333333334,3.1634486740713563,60.71,45.68,0,33.14,4,25.0,3,10.0
13,6.7,5.8,12.666666666666666,3.122070143181785,60.71,45.68,0,33.14,4,25.0,3,10.0
13,6.7,5.8,13.0,3.084277984380657,60.71,45.68,0,33.14,4,25.0,3,10.0
13,6.7,5.8,13.333333333333334,3.049625305616755,60.71,45.68,0,33.14,4,25.0,3,10.0
13,6.7,5.8,13.666666666666666,3.0177365024909126,60.71,45.68,0,33.14,4,25.0,3,10.0
13,6.7,5.8,14.0,2.988293588747119,60.71,45.68,0,33.14,4,25.0,3,10.0
13,6.7,5.8,14.333333333333334,2.9610255559700693,60.71,45.68,0,33.14,4,25.0,3,10.0
13,6.7,5.8,14.666666666666666,2.9357000072220654,60.71,45.68,0,33.14,4,25.0,3,10.0
13,6.7,5.8,15.0,2.912116517161222,60.71,45.68,0,33.14,4,25.0,3,10.0
13,6.7,5.8,15.333333333333334,2.8901013168056395,60.71,45.68,0,33.14,4,25.0,3,10.0
13,6.7,5.8,15.666666666666666,2.869503004555919,60.71,45.68,0,33.14,4,25.0,3,10.0
13,6.7,5.8,16.0,2.850189059509927,60.71,45.68,0,33.14,4,25.0,3,10.0
13,6.7,5.8,16.333333333333332,2.832042987274674,60.71,45.68,0,33.14,4,25.0,3,10.0
13,6.7,5.8,16.666666666666668,2.814961968343565,60.71,45.68,0,33.14,4,25.0,3,10.0
13,6.7,5.8,17.0,2.7988549087420873,60.71,45.68,0,33.14,4,25.0,3,10.0
13,6.7,5.8,17.333333333333332,2.7836408148866005,60.71,45.68,0,33.14,4,25.0,3,10.0
13,6.7,5.8,17.666666666666668,2.7692474314434126,60.71,45.68,0,33.14,4,25.0,3,10.0
13,6.7,5.8,18.0,2.755610093836686,60.71,45.68,0,33.14,4,25.0,3,10.0
13,6.7,5.8,18.333333333333332,2.7426707569528217,60.71,45.68,0,33.14,4,25.0,3,10.0
13,6.7,5.8,18.666666666666668,2.730377169264985,60.71,45.68,0,33.14,4,25.0,3,10.0
13,6.7,5.8,19.0,2.7186821675955177,60.71,45.68,0,33.14,4,25.0,3,10.0
13,6.7,5.8,19.333333333333332,2.707543072445979,60.71,45.68,0,33.14,4,25.0,3,10.0
13,6.7,5.8,19.666666666666668,2.6969211675519973,60.71,45.68,0,33.14,4,25.0,3,10.0
14,13.8,13.1,0.0,0.0,61.27,100.0,1,86.33,3,40.0,3,10.0
14,13.8,13.1,0.3333333333333333,0.0,61.27,100.0,1,86.33,3,40.0,3,10.0
14,13.8,13.1,0.6666666666666666,0.0,61.27,100.0,1,86.33,3,40.0,3,10.0
14,13.8,13.1,1.0,0.0,61.27,100.0,1,86.33,3,40.0,3,10.0
14,13.8,13.1,1.3333333333333333,0.0,61.27,100.0,1,86.33,3,40.0,3,10.0
14,13.8,13.1,1.6666666666666667,0.0,61.27,100.0,1,86.33,3,40.0,3,10.0
14,13.8,13.1,2.0,0.0,61.27,100.0,1,86.33,3,40.0,3,10.0
14,13.8,13.1,2.3333333333333335,0.0,61.27,100.0,1,86.33,3,40.0,3,10.0
14,13.8,13.1,2.6666666666666665,35.814781691662894,61.27,100.0,1,86.33,3,40.0,3,10.0
14,13.8,13.1,3.0,40.0,61.27,100.0,1,86.33,3,40.0,3,10.0
14,13.8,13.1,3.3333333333333335,35.814781691662894,61.27,100.0,1,86.33,3,40.0,3,10.0
14,13.8,13.1,3.6666666666666665,19.70782622421106,61.27,100.0,1,86.33,3,40.0,3,10.0
14,13.8,13.1,4.0,12.906807066724367,61.27,100.0,1,86.33,3,40.0,3,10.0
14,13.8,13.1,4.333333333333333,10.0408056295474,61.27,100.0,1,86.33,3,40.0,3,10.0
14,13.8,13.1,4.666666666666667,8.460968348889578,61.27,100.0,1,86.33,3,40.0,3,10.0
14,13.8,13.1,5.0,7.460179721413215,61.27,100.0,1,86.33,3,40.0,3,10.0
14,13.8,13.1,5.333333333333333,6.769392810358352,61.27,100.0,1,86.33,3,40.0,3,10.0
14,13.8,13.1,5.666666666666667,6.263886290551557,61.27,100.0,1,86.33,3,40.0,3,10.0
14,13.8,13.1,6.0,5.877931985583613,61.27,100.0,1,86.33,3,40.0,3,10.0
14,13.8,13.1,6.333333333333333,5.573603560773915,61.27,100.0,1,86.33,3,40.0,3,10.0
14,13.8,13.1,6.666666666666667,5.327482685443616,61.27,100.0,1,86.33,3,40.0,3,10.0
14,13.8,13.1,7.0,5.124327345679655,61.27,100.0,1,86.33,3,40.0,3,10.0
14,13.8,13.1,7.333333333333333,4.953789939941422,61.27,100.0,1,86.33,3,40.0,3,10.0
14,13.8,13.1,7.666666666666667,4.808598696096135,61.27,100.0,1,86.33,3,40.0,3,10.0
14,13.8,13.1,8.0,4.683493861268876,61.27,100.0,1,86.33,3,40.0,3,10.0
14,13.8,13.1,8.333333333333334,4.5745768437019825,61.27,100.0,1,86.33,3,40.0,3,10.0
14,13.8,13.1,8.666666666666666,4.478896653534142,61.27,100.0,1,86.33,3,40.0,3,10.0
14,13.8,13.1,9.0,4.3941784873002385,61.27,100.0,1,86.33,3,40.0,3,10.0
14,13.8,13.1,9.333333333333334,4.3186405457601635,61.27,100.0,1,86.33,3,40.0,3,10.0
14,13.8,13.1,9.666666666666666,4.250867341008959,61.27,100.0,1,86.33,3,40.0,3,10.0
14,13.8,13.1,10.0,4.189720162983981,61.27,100.0,1,86.33,3,40.0,3,10.0
14,13.8,13.1,10.333333333333334,4.134272582526219,61.27,100.0,1,86.33,3,40.0,3,10.0
14,13.8,13.1,10.666666666666666,4.08376318681475,61.27,100.0,1,86.33,3,40.0,3,10.0
14,13.8,13.1,11.0,4.0375604046439975,61.27,100.0,1,86.33,3,40.0,3,10.0
14,13.8,13.1,11.333333333333334,3.995135961182391,61.27,100.0,1,86.33,3,40.0,3,10.0
14,13.8,13.1,11.666666666666666,3.9560445893026395,61.27,100.0,1,86.33,3,40.0,3,10.0
14,13.8,13.1,12.0,3.9199083420972984,61.27,100.0,1,86.33,3,40.0,3,10.0
14,13.8,13.1,12.333333333333334,3.8864043335203133,61.27,100.0,1,86.33,3,40.0,3,10.0
14,13.8,13.1,12.666666666666666,3.8552550638764522,61.27,100.0,1,86.33,3,40.0,3,10.0
14,13.8,13.1,13.0,3.8262207159025614,61.27,100.0,1,86.33,3,40.0,3,10.0
14,13.8,13.1,13.333333333333334,3.7990929685301755,61.27,100.0,1,86.33,3,40.0,3,10.0
14,13.8,13.1,13.666666666666666,3.7736899906023273,61.27,100.0,1,86.33,3,40.0,3,10.0
14,13.8,13.1,14.0,3.7498523600612677,61.27,100.0,1,86.33,3,40.0,3,10.0
14,13.8,13.1,14.333333333333334,3.7274397149746235,61.27,100.0,1,86.33,3,40.0,3,10.0
14,13.8,13.1,14.666666666666666,3.7063279877242956,61.27,100.0,1,86.33,3,40.0,3,10.0
14,13.8,13.1,15.0,3.686407107227712,61.27,100.0,1,86.33,3,40.0,3,10.0
14,13.8,13.1,15.333333333333334,3.66757907932512,61.27,100.0,1,86.33,3,40.0,3,10.0
14,13.8,13.1,15.666666666666666,3.649756374660246,61.27,100.0,1,86.33,3,40.0,3,10.0
14,13.8,13.1,16.0,3.632860568083445,61.27,100.0,1,86.33,3,40.0,3,10.0
14,13.8,13.1,16.333333333333332,3.6168211849547793,61.27,100.0,1,86.33,3,40.0,3,10.0
14,13.8,13.1,16.666666666666668,3.6015747185482287,61.27,100.0,1,86.33,3,40.0,3,10.0
14,13.8,13.1,17.0,3.587063789666453,61.27,100.0,1,86.33,3,40.0,3,10.0
14,13.8,13.1,17.333333333333332,3.573236425019261,61.27,100.0,1,86.33,3,40.0,3,10.0
14,13.8,13.1,17.666666666666668,3.5600454352353497,61.27,100.0,1,86.33,3,40.0,3,10.0
14,13.8,13.1,18.0,3.547447876819369,61.27,100.0,1,86.33,3,40.0,3,10.0
14,13.8,13.1,18.333333333333332,3.535404585127345,61.27,100.0,1,86.33,3,40.0,3,10.0
14,13.8,13.1,18.666666666666668,3.523879767659553,61.27,100.0,1,86.33,3,40.0,3,10.0
14,13.8,13.1,19.0,3.5128406487738286,61.27,100.0,1,86.33,3,40.0,3,10.0
14,13.8,13.1,19.333333333333332,3.5022571583911857,61.27,100.0,1,86.33,3,40.0,3,10.0
14,13.8,13.1,19.666666666666668,3.4921016584671407,61.27,100.0,1,86.33,3,40.0,3,10.0
15,14.1,14.2,0.0,0.0,64.22,100.0,1,68.81,1,40.0,3,10.0
15,14.1,14.2,0.3333333333333333,32.42043775349274,64.22,100.0,1,68.81,1,40.0,3,10.0
15,14.1,14.2,0.6666666666666666,38.105109438373184,64.22,100.0,1,68.81,1,40.0,3,10.0
15,14.1,14.2,1.0,40.0,64.22,100.0,1,68.81,1,40.0,3,10.0
15,14.1,14.2,1.3333333333333333,38.105109438373184,64.22,100.0,1,68.81,1,40.0,3,10.0
15,14.1,14.2,1.6666666666666667,32.42043775349274,64.22,100.0,1,68.81,1,40.0,3,10.0
15,14.1,14.2,2.0,18.12659664964529,64.22,100.0,1,68.81,1,40.0,3,10.0
15,14.1,14.2,2.3333333333333335,13.04364090136955,64.22,100.0,1,68.81,1,40.0,3,10.0
15,14.1,14.2,2.6666666666666665,10.517539320886979,64.22,100.0,1,68.81,1,40.0,3,10.0
15,14.1,14.2,3.0,9.006763106716331,64.22,100.0,1,68.81,1,40.0,3,10.0
15,14.1,14.2,3.3333333333333335,8.001606077085901,64.22,100.0,1,68.81,1,40.0,3,10.0
15,14.1,14.2,3.6666666666666665,7.284627074178364,64.22,100.0,1,68.81,1,40.0,3,10.0
15,14.1,14.2,4.0,6.74743341447005,64.22,100.0,1,68.81,1,40.0,3,10.0
15,14.1,14.2,4.333333333333333,6.329936045419228,64.22,100.0,1,68.81,1,40.0,3,10.0
15,14.1,14.2,4.666666666666667,5.996139492648002,64.22,100.0,1,68.81,1,40.0,3,10.0
15,14.1,14.2,5.0,5.723166231782407,64.22,100.0,1,68.81,1,40.0,3,10.0
15,14.1,14.2,5.333333333333333,5.495779897257917,64.22,100.0,1,68.81,1,40.0,3,10.0
15,14.1,14.2,5.666666666666667,5.303440926890845,64.22,100.0,1,68.81,1,40.0,3,10.0
15,14.1,14.2,6.0,5.138626244952693,64.22,100.0,1,68.81,1,40.0,3,10.0
15,14.1,14.2,6.333333333333333,4.995822151614206,64.22,100.0,1,68.81,1,40.0,3,10.0
15,14.1,14.2,6.666666666666667,4.8708954475012005,64.22,100.0,1,68.81,1,40.0,3,10.0
15,14.1,14.2,7.0,4.760686828802592,64.22,100.0,1,68.81,1,40.0,3,10.0
15,14.1,14.2,7.333333333333333,4.662739998712346,64.22,100.0,1,68.81,1,40.0,3,10.0
15,14.1,14.2,7.666666666666667,4.575116431066881,64.22,100.0,1,68.81,1,40.0,3,10.0
15,14.1,14.2,8.0,4.496265771809696,64.22,100.0,1,68.81,1,40.0,3,10.0
15,14.1,14.2,8.333333333333334,4.4249333110725,64.22,100.0,1,68.81,1,40.0,3,10.0
15,14.1,14.2,8.666666666666666,4.360092717765592,64.22,100.0,1,68.81,1,40.0,3,10.0
15,14.1,14.2,9.0,4.300896340038017,64.22,100.0,1,68.81,1,40.0,3,10.0
15,14.1,14.2,9.333333333333334,4.246637943088556,64.22,100.0,1,68.81,1,40.0,3,10.0
15,14.1,14.2,9.666666666666666,4.196724398515245,64.22,100.0,1,68.81,1,40.0,3,10.0
15,14.1,14.2,10.0,4.150653912942028,64.22,100.0,1,68.81,1,40.0,3,10.0
15,14.1,14.2,10.333333333333334,4.107999099042593,64.22,100.0,1,68.81,1,40.0,3,10.0
15,14.1,14.2,10.666666666666666,4.068393677321177,64.22,100.0,1,68.81,1,40.0,3,10.0
15,14.1,14.2,11.0,4.031521931533152,64.22,100.0,1,68.81,1,40.0,3,10.0
15,14.1,14.2,11.333333333333334,3.997110274713859,64.22,100.0,1,68.81,1,40.0,3,10.0
15,14.1,14.2,11.666666666666666,3.964920448856623,64.22,100.0,1,68.81,1,40.0,3,10.0
15,14.1,14.2,12.0,3.934744000610338,64.22,100.0,1,68.81,1,40.0,3,10.0
15,14.1,14.2,12.333333333333334,3.9063977621283708,64.22,100.0,1,68.81,1,40.0,3,10.0
15,14.1,14.2,12.666666666666666,3.8797201299793556,64.22,100.0,1,68.81,1,40.0,3,10.0
15,14.1,14.2,13.0,3.8545679823977035,64.22,100.0,1,68.81,1,40.0,3,10.0
15,14.1,14.2,13.333333333333334,3.8308141106692455,64.22,100.0,1,68.81,1,40.0,3,10.0
15,14.1,14.2,13.666666666666666,3.8083450673199093,64.22,100.0,1,68.81,1,40.0,3,10.0
15,14.1,14.2,14.0,3.787059354279291,64.22,100.0,1,68.81,1,40.0,3,10.0
15,14.1,14.2,14.333333333333334,3.7668658899603287,64.22,100.0,1,68.81,1,40.0,3,10.0
15,14.1,14.2,14.666666666666666,3.747682706415385,64.22,100.0,1,68.81,1,40.0,3,10.0
15,14.1,14.2,15.0,3.7294358372643455,64.22,100.0,1,68.81,1,40.0,3,10.0
15,14.1,14.2,15.333333333333334,3.7120583645811704,64.22,100.0,1,68.81,1,40.0,3,10.0
15,14.1,14.2,15.666666666666666,3.6954895988474625,64.22,100.0,1,68.81,1,40.0,3,10.0
15,14.1,14.2,16.0,3.679674370791716,64.22,100.0,1,68.81,1,40.0,3,10.0
15,14.1,14.2,16.333333333333332,3.664562417700499,64.22,100.0,1,68.81,1,40.0,3,10.0
15,14.1,14.2,16.666666666666668,3.6501078498178883,64.22,100.0,1,68.81,1,40.0,3,10.0
15,14.1,14.2,17.0,3.6362686848990005,64.22,100.0,1,68.81,1,40.0,3,10.0
15,14.1,14.2,17.333333333333332,3.6230064409735085,64.22,100.0,1,68.81,1,40.0,3,10.0
15,14.1,14.2,17.666666666666668,3.6102857789993417,64.22,100.0,1,68.81,1,40.0,3,10.0
15,14.1,14.2,18.0,3.598074188418578,64.22,100.0,1,68.81,1,40.0,3,10.0
15,14.1,14.2,18.333333333333332,3.5863417097242243,64.22,100.0,1,68.81,1,40.0,3,10.0
15,14.1,14.2,18.666666666666668,3.5750606890533287,64.22,100.0,1,68.81,1,40.0,3,10.0
15,14.1,14.2,19.0,3.5642055605746306,64.22,100.0,1,68.81,1,40.0,3,10.0
15,14.1,14.2,19.333333333333332,3.5537526530661228,64.22,100.0,1,68.81,1,40.0,3,10.0
15,14.1,14.2,19.666666666666668,3.5436800176024903,64.22,100.0,1,68.81,1,40.0,3,10.0
16,11.2,13.6,0.0,0.0,65.17,50.99,1,60.15,3,30.0,3,10.0
16,11.2,13.6,0.3333333333333333,0.0,65.17,50.99,1,60.15,3,30.0,3,10.0
16,11.2,13.6,0.6666666666666666,0.0,65.17,50.99,1,60.15,3,30.0,3,10.0
16,11.2,13.6,1.0,0.0,65.17,50.99,1,60.15,3,30.0,3,10.0
16,11.2,13.6,1.3333333333333333,0.0,65.17,50.99,1,60.15,3,30.0,3,10.0
16,11.2,13.6,1.6666666666666667,0.0,65.17,50.99,1,60.15,3,30.0,3,10.0
16,11.2,13.6,2.0,0.0,65.17,50.99,1,60.15,3,30.0,3,10.0
16,11.2,13.6,2.3333333333333335,26.698299385838403,65.17,50.99,1,60.15,3,30.0,3,10.0
16,11.2,13.6,2.6666666666666665,29.1745748464596,65.17,50.99,1,60.15,3,30.0,3,10.0
16,11.2,13.6,3.0,30.0,65.17,50.99,1,60.15,3,30.0,3,10.0
16,11.2,13.6,3.3333333333333335,29.1745748464596,65.17,50.99,1,60.15,3,30.0,3,10.0
16,11.2,13.6,3.6666666666666665,26.698299385838403,65.17,50.99,1,60.15,3,30.0,3,10.0
16,11.2,13.6,4.0,19.163247079193876,65.17,50.99,1,60.15,3,30.0,3,10.0
16,11.2,13.6,4.333333333333333,12.075078869484397,65.17,50.99,1,60.15,3,30.0,3,10.0
16,11.2,13.6,4.666666666666667,9.217574639837537,65.17,50.99,1,60.15,3,30.0,3,10.0
16,11.2,13.6,5.0,7.673607646554741,65.17,50.99,1,60.15,3,30.0,3,10.0
16,11.2,13.6,5.333333333333333,6.706732480005584,65.17,50.99,1,60.15,3,30.0,3,10.0
16,11.2,13.6,5.666666666666667,6.044343985316978,65.17,50.99,1,60.15,3,30.0,3,10.0
16,11.2,13.6,6.0,5.562176323167204,65.17,50.99,1,60.15,3,30.0,3,10.0
16,11.2,13.6,6.333333333333333,5.195486113848963,65.17,50.99,1,60.15,3,30.0,3,10.0
16,11.2,13.6,6.666666666666667,4.907225151242979,65.17,50.99,1,60.15,3,30.0,3,10.0
16,11.2,13.6,7.0,4.6746621954943715,65.17,50.99,1,60.15,3,30.0,3,10.0
16,11.2,13.6,7.333333333333333,4.4830764138176376,65.17,50.99,1,60.15,3,30.0,3,10.0
16,11.2,13.6,7.666666666666667,4.322514524898388,65.17,50.99,1,60.15,3,30.0,3,10.0
16,11.2,13.6,8.0,4.18600531328053,65.17,50.99,1,60.15,3,30.0,3,10.0
16,11.2,13.6,8.333333333333334,4.068520643845778,65.17,50.99,1,60.15,3,30.0,3,10.0
16,11.2,13.6,8.666666666666666,3.9663425718243506,65.17,50.99,1,60.15,3,30.0,3,10.0
16,11.2,13.6,9.0,3.876662693885267,65.17,50.99,1,60.15,3,30.0,3,10.0
16,11.2,13.6,9.333333333333334,3.797320045345916,65.17,50.99,1,60.15,3,30.0,3,10.0
16,11.2,13.6,9.666666666666666,3.7266246945791894,65.17,50.99,1,60.15,3,30.0,3,10.0
16,11.2,13.6,10.0,3.6632360344158474,65.17,50.99,1,60.15,3,30.0,3,10.0
16,11.2,13.6,10.333333333333334,3.6060769566402087,65.17,50.99,1,60.15,3,30.0,3,10.0
16,11.2,13.6,10.666666666666666,3.5542721451010104,65.17,50.99,1,60.15,3,30.0,3,10.0
16,11.2,13.6,11.0,3.5071029337972863,65.17,50.99,1,60.15,3,30.0,3,10.0
16,11.2,13.6,11.333333333333334,3.46397376417545,65.17,50.99,1,60.15,3,30.0,3,10.0
16,11.2,13.6,11.666666666666666,3.424386907278989,65.17,50.99,1,60.15,3,30.0,3,10.0
16,11.2,13.6,12.0,3.3879231686198032,65.17,50.99,1,60.15,3,30.0,3,10.0
16,11.2,13.6,12.333333333333334,3.3542269864848833,65.17,50.99,1,60.15,3,30.0,3,10.0
16,11.2,13.6,12.666666666666666,3.3229947992509814,65.17,50.99,1,60.15,3,30.0,3,10.0
16,11.2,13.6,13.0,3.2939658745691336,65.17,50.99,1,60.15,3,30.0,3,10.0
16,11.2,13.6,13.333333333333334,3.266915013278043,65.17,50.99,1,60.15,3,30.0,3,10.0
16,11.2,13.6,13.666666666666666,3.2416466956663412,65.17,50.99,1,60.15,3,30.0,3,10.0
16,11.2,13.6,14.0,3.217990348036913,65.17,50.99,1,60.15,3,30.0,3,10.0
16,11.2,13.6,14.333333333333334,3.1957964871650293,65.17,50.99,1,60.15,3,30.0,3,10.0
16,11.2,13.6,14.666666666666666,3.174933558389432,65.17,50.99,1,60.15,3,30.0,3,10.0
16,11.2,13.6,15.0,3.1552853259881903,65.17,50.99,1,60.15,3,30.0,3,10.0
16,11.2,13.6,15.333333333333334,3.1367487064786546,65.17,50.99,1,60.15,3,30.0,3,10.0
16,11.2,13.6,15.666666666666666,3.119231959548624,65.17,50.99,1,60.15,3,30.0,3,10.0
16,11.2,13.6,16.0,3.102653169594351,65.17,50.99,1,60.15,3,30.0,3,10.0
16,11.2,13.6,16.333333333333332,3.0869389648222656,65.17,50.99,1,60.15,3,30.0,3,10.0
16,11.2,13.6,16.666666666666668,3.072023431654975,65.17,50.99,1,60.15,3,30.0,3,10.0
16,11.2,13.6,17.0,3.0578471905604614,65.17,50.99,1,60.15,3,30.0,3,10.0
16,11.2,13.6,17.333333333333332,3.0443566059782667,65.17,50.99,1,60.15,3,30.0,3,10.0
16,11.2,13.6,17.666666666666668,3.0315031081783133,65.17,50.99,1,60.15,3,30.0,3,10.0
16,11.2,13.6,18.0,3.019242608978253,65.17,50.99,1,60.15,3,30.0,3,10.0
16,11.2,13.6,18.333333333333332,3.0075349965054214,65.17,50.99,1,60.15,3,30.0,3,10.0
16,11.2,13.6,18.666666666666668,2.9963436968027,65.17,50.99,1,60.15,3,30.0,3,10.0
16,11.2,13.6,19.0,2.985635292183384,65.17,50.99,1,60.15,3,30.0,3,10.0
16,11.2,13.6,19.333333333333332,2.9753791879457037,65.17,50.99,1,60.15,3,30.0,3,10.0
16,11.2,13.6,19.666666666666668,2.965547320445717,65.17,50.99,1,60.15,3,30.0,3,10.0
17,9.7,16.4,0.0,0.0,100.0,50.88,0,86.61,2,30.0,3,10.0
17,9.7,16.4,0.3333333333333333,0.0,100.0,50.88,0,86.61,2,30.0,3,10.0
17,9.7,16.4,0.6666666666666666,26.0826575679961,100.0,50.88,0,86.61,2,30.0,3,10.0
17,9.7,16.4,1.0,27.79649488199781,100.0,50.88,0,86.61,2,30.0,3,10.0
17,9.7,16.4,1.3333333333333333,29.020664391999027,100.0,50.88,0,86.61,2,30.0,3,10.0
17,9.7,16.4,1.6666666666666667,29.755166097999755,100.0,50.88,0,86.61,2,30.0,3,10.0
17,9.7,16.4,2.0,30.0,100.0,50.88,0,86.61,2,30.0,3,10.0
17,9.7,16.4,2.3333333333333335,29.755166097999755,100.0,50.88,0,86.61,2,30.0,3,10.0
17,9.7,16.4,2.6666666666666665,29.020664391999027,100.0,50.88,0,86.61,2,30.0,3,10.0
17,9.7,16.4,3.0,27.79649488199781,100.0,50.88,0,86.61,2,30.0,3,10.0
17,9.7,16.4,3.3333333333333335,26.0826575679961,100.0,50.88,0,86.61,2,30.0,3,10.0
17,9.7,16.4,3.6666666666666665,23.1499569282119,100.0,50.88,0,86.61,2,30.0,3,10.0
17,9.7,16.4,4.0,13.991137273606494,100.0,50.88,0,86.61,2,30.0,3,10.0
17,9.7,16.4,4.333333333333333,10.460457186053272,100.0,50.88,0,86.61,2,30.0,3,10.0
17,9.7,16.4,4.666666666666667,8.589456693976429,100.0,50.88,0,86.61,2,30.0,3,10.0
17,9.7,16.4,5.0,7.430587191211356,100.0,50.88,0,86.61,2,30.0,3,10.0
17,9.7,16.4,5.333333333333333,6.642280074295503,100.0,50.88,0,86.61,2,30.0,3,10.0
17,9.7,16.4,5.666666666666667,6.0712975229681625,100.0,50.88,0,86.61,2,30.0,3,10.0
17,9.7,16.4,6.0,5.6386569652093215,100.0,50.88,0,86.61,2,30.0,3,10.0
17,9.7,16.4,6.333333333333333,5.299513283997529,100.0,50.88,0,86.61,2,30.0,3,10.0
17,9.7,16.4,6.666666666666667,5.026513955610702,100.0,50.88,0,86.61,2,30.0,3,10.0
17,9.7,16.4,7.0,4.802027777665802,100.0,50.88,0,86.61,2,30.0,3,10.0
17,9.7,16.4,7.333333333333333,4.614178489318705,100.0,50.88,0,86.61,2,30.0,3,10.0
17,9.7,16.4,7.666666666666667,4.454673857512436,100.0,50.88,0,86.61,2,30.0,3,10.0
17,9.7,16.4,8.0,4.317548533826346,100.0,50.88,0,86.61,2,30.0,3,10.0
17,9.7,16.4,8.333333333333334,4.198401374167686,100.0,50.88,0,86.61,2,30.0,3,10.0
17,9.7,16.4,8.666666666666666,4.093914282895073,100.0,50.88,0,86.61,2,30.0,3,10.0
17,9.7,16.4,9.0,4.001538370380204,100.0,50.88,0,86.61,2,30.0,3,10.0
17,9.7,16.4,9.333333333333334,3.919283265346968,100.0,50.88,0,86.61,2,30.0,3,10.0
17,9.7,16.4,9.666666666666666,3.845572080223824,100.0,50.88,0,86.61,2,30.0,3,10.0
17,9.7,16.4,10.0,3.779139339853836,100.0,50.88,0,86.61,2,30.0,3,10.0
17,9.7,16.4,10.333333333333334,3.718957724024925,100.0,50.88,0,86.61,2,30.0,3,10.0
17,9.7,16.4,10.666666666666666,3.6641845606933954,100.0,50.88,0,86.61,2,30.0,3,10.0
17,9.7,16.4,11.0,3.614122124645191,100.0,50.88,0,86.61,2,30.0,3,10.0
17,9.7,16.4,11.333333333333334,3.5681877572845044,100.0,50.88,0,86.61,2,30.0,3,10.0
17,9.7,16.4,11.666666666666666,3.5258910853625602,100.0,50.88,0,86.61,2,30.0,3,10.0
17,9.7,16.4,12.0,3.486816445931339,100.0,50.88,0,86.61,2,30.0,3,10.0
17,9.7,16.4,12.333333333333334,3.450609180371658,100.0,50.88,0,86.61,2,30.0,3,10.0
17,9.7,16.4,12.666666666666666,3.4169648389447884,100.0,50.88,0,86.61,2,30.0,3,10.0
17,9.7,16.4,13.0,3.3856205994428366,100.0,50.88,0,86.61,2,30.0,3,10.0
17,9.7,16.4,13.333333333333334,3.3563483876632487,100.0,50.88,0,86.61,2,30.0,3,10.0
17,9.7,16.4,13.666666666666666,3.3289493185555856,100.0,50.88,0,86.61,2,30.0,3,10.0
17,9.7,16.4,14.0,3.303249171424365,100.0,50.88,0,86.61,2,30.0,3,10.0
17,9.7,16.4,14.333333333333334,3.279094681522417,100.0,50.88,0,86.61,2,30.0,3,10.0
17,9.7,16.4,14.666666666666666,3.2563504812038824,100.0,50.88,0,86.61,2,30.0,3,10.0
17,9.7,16.4,15.0,3.2348965616633065,100.0,50.88,0,86.61,2,30.0,3,10.0
17,9.7,16.4,15.333333333333334,3.2146261547467603,100.0,50.88,0,86.61,2,30.0,3,10.0
17,9.7,16.4,15.666666666666666,3.195443955905138,100.0,50.88,0,86.61,2,30.0,3,10.0
17,9.7,16.4,16.0,3.177264625865978,100.0,50.88,0,86.61,2,30.0,3,10.0
17,9.7,16.4,16.333333333333332,3.1600115213219264,100.0,50.88,0,86.61,2,30.0,3,10.0
17,9.7,16.4,16.666666666666668,3.1436156148114867,100.0,50.88,0,86.61,2,30.0,3,10.0
17,9.7,16.4,17.0,3.1280145716902936,100.0,50.88,0,86.61,2,30.0,3,10.0
17,9.7,16.4,17.333333333333332,3.1131519581689604,100.0,50.88,0,86.61,2,30.0,3,10.0
17,9.7,16.4,17.666666666666668,3.098976559206694,100.0,50.88,0,86.61,2,30.0,3,10.0
17,9.7,16.4,18.0,3.0854417888841805,100.0,50.88,0,86.61,2,30.0,3,10.0
17,9.7,16.4,18.333333333333332,3.07250517895104,100.0,50.88,0,86.61,2,30.0,3,10.0
17,9.7,16.4,18.666666666666668,3.060127933717203,100.0,50.88,0,86.61,2,30.0,3,10.0
17,9.7,16.4,19.0,3.048274541460457,100.0,50.88,0,86.61,2,30.0,3,10.0
17,9.7,16.4,19.333333333333332,3.0369124341517044,100.0,50.88,0,86.61,2,30.0,3,10.0
17,9.7,16.4,19.666666666666668,3.0260116886311033,100.0,50.88,0,86.61,2,30.0,3,10.0
18,9.5,18.8,0.0,0.0,64.52,36.55,1,79.81,1,50.0,3,10.0
18,9.5,18.8,0.3333333333333333,0.0,64.52,36.55,1,79.81,1,50.0,3,10.0
18,9.5,18.8,0.6666666666666666,46.84596581492645,64.52,36.55,1,79.81,1,50.0,3,10.0
18,9.5,18.8,1.0,50.0,64.52,36.55,1,79.81,1,50.0,3,10.0
18,9.5,18.8,1.3333333333333333,46.84596581492645,64.52,36.55,1,79.81,1,50.0,3,10.0
18,9.5,18.8,1.6666666666666667,32.290565364240784,64.52,36.55,1,79.81,1,50.0,3,10.0
18,9.5,18.8,2.0,18.168764344428567,64.52,36.55,1,79.81,1,50.0,3,10.0
18,9.5,18.8,2.3333333333333335,13.341499182106574,64.52,36.55,1,79.81,1,50.0,3,10.0
18,9.5,18.8,2.6666666666666665,10.904719624999636,64.52,36.55,1,79.81,1,50.0,3,10.0
18,9.5,18.8,3.0,9.43515945361494,64.52,36.55,1,79.81,1,50.0,3,10.0
18,9.5,18.8,3.3333333333333335,8.45231080065681,64.52,36.55,1,79.81,1,50.0,3,10.0
18,9.5,18.8,3.6666666666666665,7.748730821496214,64.52,36.55,1,79.81,1,50.0,3,10.0
18,9.5,18.8,4.0,7.220198348147461,64.52,36.55,1,79.81,1,50.0,3,10.0
18,9.5,18.8,4.333333333333333,6.808614243830655,64.52,36.55,1,79.81,1,50.0,3,10.0
18,9.5,18.8,4.666666666666667,6.47902936230702,64.52,36.55,1,79.81,1,50.0,3,10.0
18,9.5,18.8,5.0,6.209158746213191,64.52,36.55,1,79.81,1,50.0,3,10.0
18,9.5,18.8,5.333333333333333,5.98412185840589,64.52,36.55,1,79.81,1,50.0,3,10.0
18,9.5,18.8,5.666666666666667,5.793603187643718,64.52,36.55,1,79.81,1,50.0,3,10.0
18,9.5,18.8,6.0,5.630226380255818,64.52,36.55,1,79.81,1,50.0,3,10.0
18,9.5,18.8,6.333333333333333,5.4885770441914445,64.52,36.55,1,79.81,1,50.0,3,10.0
18,9.5,18.8,6.666666666666667,5.3645911166166655,64.52,36.55,1,79.81,1,50.0,3,10.0
18,9.5,18.8,7.0,5.2551586110624635,64.52,36.55,1,79.81,1,50.0,3,10.0
18,9.5,18.8,7.333333333333333,5.157859165252198,64.52,36.55,1,79.81,1,50.0,3,10.0
18,9.5,18.8,7.666666666666667,5.070780930248688,64.52,36.55,1,79.81,1,50.0,3,10.0
18,9.5,18.8,8.0,4.992393687839199,64.52,36.55,1,79.81,1,50.0,3,10.0
18,9.5,18.8,8.333333333333334,4.921458153356695,64.52,36.55,1,79.81,1,50.0,3,10.0
18,9.5,18.8,8.666666666666666,4.85695997062387,64.52,36.55,1,79.81,1,50.0,3,10.0
18,9.5,18.8,9.0,4.798060896659994,64.52,36.55,1,79.81,1,50.0,3,10.0
18,9.5,18.8,9.333333333333334,4.744062170547923,64.52,36.55,1,79.81,1,50.0,3,10.0
18,9.5,18.8,9.666666666666666,4.6943766601737025,64.52,36.55,1,79.81,1,50.0,3,10.0
18,9.5,18.8,10.0,4.648507427080671,64.52,36.55,1,79.81,1,50.0,3,10.0
18,9.5,18.8,10.333333333333334,4.606031047865995,64.52,36.55,1,79.81,1,50.0,3,10.0
18,9.5,18.8,10.666666666666666,4.5665845046266735,64.52,36.55,1,79.81,1,50.0,3,10.0
18,9.5,18.8,11.0,4.529854784109358,64.52,36.55,1,79.81,1,50.0,3,10.0
18,9.5,18.8,11.333333333333334,4.495570554348049,64.52,36.55,1,79.81,1,50.0,3,10.0
18,9.5,18.8,11.666666666666666,4.4634954502648805,64.52,36.55,1,79.81,1,50.0,3,10.0
18,9.5,18.8,12.0,4.4334226166988016,64.52,36.55,1,79.81,1,50.0,3,10.0
18,9.5,18.8,12.333333333333334,4.405170242447721,64.52,36.55,1,79.81,1,50.0,3,10.0
18,9.5,18.8,12.666666666666666,4.378577881524083,64.52,36.55,1,79.81,1,50.0,3,10.0
18,9.5,18.8,13.0,4.353503404355243,64.52,36.55,1,79.81,1,50.0,3,10.0
18,9.5,18.8,13.333333333333334,4.329820456571001,64.52,36.55,1,79.81,1,50.0,3,10.0
18,9.5,18.8,13.666666666666666,4.307416329448715,64.52,36.55,1,79.81,1,50.0,3,10.0
18,9.5,18.8,14.0,4.2861901662615605,64.52,36.55,1,79.81,1,50.0,3,10.0
18,9.5,18.8,14.333333333333334,4.266051444299427,64.52,36.55,1,79.81,1,50.0,3,10.0
18,9.5,18.8,14.666666666666666,4.246918684366412,64.52,36.55,1,79.81,1,50.0,3,10.0
18,9.5,18.8,15.0,4.22871834895412,64.52,36.55,1,79.81,1,50.0,3,10.0
18,9.5,18.8,15.333333333333334,4.211383897673724,64.52,36.55,1,79.81,1,50.0,3,10.0
18,9.5,18.8,15.666666666666666,4.194854974369628,64.52,36.55,1,79.81,1,50.0,3,10.0
18,9.5,18.8,16.0,4.179076704983745,64.52,36.55,1,79.81,1,50.0,3,10.0
18,9.5,18.8,16.333333333333332,4.163999088957388,64.52,36.55,1,79.81,1,50.0,3,10.0
18,9.5,18.8,16.666666666666668,4.149576469948717,64.52,36.55,1,79.81,1,50.0,3,10.0
18,9.5,18.8,17.0,4.135767074062558,64.52,36.55,1,79.81,1,50.0,3,10.0
18,9.5,18.8,17.333333333333332,4.122532605754938,64.52,36.55,1,79.81,1,50.0,3,10.0
18,9.5,18.8,17.666666666666668,4.109837893179626,64.52,36.55,1,79.81,1,50.0,3,10.0
18,9.5,18.8,18.0,4.097650576060143,64.52,36.55,1,79.81,1,50.0,3,10.0
18,9.5,18.8,18.333333333333332,4.0859408302548506,64.52,36.55,1,79.81,1,50.0,3,10.0
18,9.5,18.8,18.666666666666668,4.074681124079328,64.52,36.55,1,79.81,1,50.0,3,10.0
18,9.5,18.8,19.0,4.06384600219476,64.52,36.55,1,79.81,1,50.0,3,10.0
18,9.5,18.8,19.333333333333332,4.05341189349151,64.52,36.55,1,79.81,1,50.0,3,10.0
18,9.5,18.8,19.666666666666668,4.043356939916097,64.52,36.55,1,79.81,1,50.0,3,10.0
19,4.7,16.8,0.0,0.0,64.67,73.82,1,77.3,1,30.0,3,10.0
19,4.7,16.8,0.3333333333333333,26.661879783526118,64.67,73.82,1,77.3,1,30.0,3,10.0
19,4.7,16.8,0.6666666666666666,29.16546994588153,64.67,73.82,1,77.3,1,30.0,3,10.0
19,4.7,16.8,1.0,30.0,64.67,73.82,1,77.3,1,30.0,3,10.0
19,4.7,16.8,1.3333333333333333,29.16546994588153,64.67,73.82,1,77.3,1,30.0,3,10.0
19,4.7,16.8,1.6666666666666667,26.661879783526118,64.67,73.82,1,77.3,1,30.0,3,10.0
19,4.7,16.8,2.0,19.18455760690578,64.67,73.82,1,77.3,1,30.0,3,10.0
19,4.7,16.8,2.3333333333333335,12.297734154960073,64.67,73.82,1,77.3,1,30.0,3,10.0
19,4.7,16.8,2.6666666666666665,9.435141369843215,64.67,73.82,1,77.3,1,30.0,3,10.0
19,4.7,16.8,3.0,7.867055036603703,64.67,73.82,1,77.3,1,30.0,3,10.0
19,4.7,16.8,3.3333333333333335,6.877312559215799,64.67,73.82,1,77.3,1,30.0,3,10.0
19,4.7,16.8,3.6666666666666665,6.1957724964524985,64.67,73.82,1,77.3,1,30.0,3,10.0
19,4.7,16.8,4.0,5.697869669980017,64.67,73.82,1,77.3,1,30.0,3,10.0
19,4.7,16.8,4.333333333333333,5.31819594114611,64.67,73.82,1,77.3,1,30.0,3,10.0
19,4.7,16.8,4.666666666666667,5.019109433372572,64.67,73.82,1,77.3,1,30.0,3,10.0
19,4.7,16.8,5.0,4.777414413600496,64.67,73.82,1,77.3,1,30.0,3,10.0
19,4.7,16.8,5.333333333333333,4.578037843812147,64.67,73.82,1,77.3,1,30.0,3,10.0
19,4.7,16.8,5.666666666666667,4.410760079976473,64.67,73.82,1,77.3,1,30.0,3,10.0
19,4.7,16.8,6.0,4.2684069638638675,64.67,73.82,1,77.3,1,30.0,3,10.0
19,4.7,16.8,6.333333333333333,4.14579402545366,64.67,73.82,1,77.3,1,30.0,3,10.0
19,4.7,16.8,6.666666666666667,4.039081430183687,64.67,73.82,1,77.3,1,30.0,3,10.0
19,4.7,16.8,7.0,3.94536459522023,64.67,73.82,1,77.3,1,30.0,3,10.0
19,4.7,16.8,7.333333333333333,3.862405788781229,64.67,73.82,1,77.3,1,30.0,3,10.0
19,4.7,16.8,7.666666666666667,3.7884531436799556,64.67,73.82,1,77.3,1,30.0,3,10.0
19,4.7,16.8,8.0,3.7221155807036808,64.67,73.82,1,77.3,1,30.0,3,10.0
19,4.7,16.8,8.333333333333334,3.6622744783836687,64.67,73.82,1,77.3,1,30.0,3,10.0
19,4.7,16.8,8.666666666666666,3.6080200820332027,64.67,73.82,1,77.3,1,30.0,3,10.0
19,4.7,16.8,9.0,3.5586049288515387,64.67,73.82,1,77.3,1,30.0,3,10.0
19,4.7,16.8,9.333333333333334,3.513409203746148,64.67,73.82,1,77.3,1,30.0,3,10.0
19,4.7,16.8,9.666666666666666,3.471914606304489,64.67,73.82,1,77.3,1,30.0,3,10.0
19,4.7,16.8,10.0,3.433684385415282,64.67,73.82,1,77.3,1,30.0,3,10.0
19,4.7,16.8,10.333333333333334,3.398347907581312,64.67,73.82,1,77.3,1,30.0,3,10.0
19,4.7,16.8,10.666666666666666,3.3655886016392325,64.67,73.82,1,77.3,1,30.0,3,10.0
19,4.7,16.8,11.0,3.3351344483374072,64.67,73.82,1,77.3,1,30.0,3,10.0
19,4.7,16.8,11.333333333333334,3.306750409320234,64.67,73.82,1,77.3,1,30.0,3,10.0
19,4.7,16.8,11.666666666666666,3.280232349277979,64.67,73.82,1,77.3,1,30.0,3,10.0
19,4.7,16.8,12.0,3.255402118631075,64.67,73.82,1,77.3,1,30.0,3,10.0
19,4.7,16.8,12.333333333333334,3.232103546191502,64.67,73.82,1,77.3,1,30.0,3,10.0
19,4.7,16.8,12.666666666666666,3.210199151216895,64.67,73.82,1,77.3,1,30.0,3,10.0
19,4.7,16.8,13.0,3.189567428565769,64.67,73.82,1,77.3,1,30.0,3,10.0
19,4.7,16.8,13.333333333333334,3.1701005937013345,64.67,73.82,1,77.3,1,30.0,3,10.0
19,4.7,16.8,13.666666666666666,3.1517026991665418,64.67,73.82,1,77.3,1,30.0,3,10.0
19,4.7,16.8,14.0,3.1342880530457884,64.67,73.82,1,77.3,1,30.0,3,10.0
19,4.7,16.8,14.333333333333334,3.1177798843961306,64.67,73.82,1,77.3,1,30.0,3,10.0
19,4.7,16.8,14.666666666666666,3.1021092117954066,64.67,73.82,1,77.3,1,30.0,3,10.0
19,4.7,16.8,15.0,3.087213879833495,64.67,73.82,1,77.3,1,30.0,3,10.0
19,4.7,16.8,15.333333333333334,3.0730377351660714,64.67,73.82,1,77.3,1,30.0,3,10.0
19,4.7,16.8,15.666666666666666,3.059529919102197,64.67,73.82,1,77.3,1,30.0,3,10.0
19,4.7,16.8,16.0,3.0466442579397888,64.67,73.82,1,77.3,1,30.0,3,10.0
19,4.7,16.8,16.333333333333332,3.0343387356461227,64.67,73.82,1,77.3,1,30.0,3,10.0
19,4.7,16.8,16.666666666666668,3.022575036193344,64.67,73.82,1,77.3,1,30.0,3,10.0
19,4.7,16.8,17.0,3.0113181450458253,64.67,73.82,1,77.3,1,30.0,3,10.0
19,4.7,16.8,17.333333333333332,3.0005360010680318,64.67,73.82,1,77.3,1,30.0,3,10.0
19,4.7,16.8,17.666666666666668,2.9901991915641006,64.67,73.82,1,77.3,1,30.0,3,10.0
19,4.7,16.8,18.0,2.9802806843401477,64.67,73.82,1,77.3,1,30.0,3,10.0
19,4.7,16.8,18.333333333333332,2.970755591649574,64.67,73.82,1,77.3,1,30.0,3,10.0
19,4.7,16.8,18.666666666666668,2.9616009616812407,64.67,73.82,1,77.3,1,30.0,3,10.0
19,4.7,16.8,19.0,2.9527955939127186,64.67,73.82,1,77.3,1,30.0,3,10.0
19,4.7,16.8,19.333333333333332,2.944319875201554,64.67,73.82,1,77.3,1,30.0,3,10.0
19,4.7,16.8,19.666666666666668,2.936155633947169,64.67,73.82,1,77.3,1,30.0,3,10.0
20,5.0,5.6,0.0,0.0,32.77,65.06,1,63.46,1,0.0,3,10.0
20,5.0,5.6,0.3333333333333333,0.0,32.77,65.06,1,63.46,1,0.0,3,10.0
20,5.0,5.6,0.6666666666666666,0.0,32.77,65.06,1,63.46,1,0.0,3,10.0
20,5.0,5.6,1.0,0.0,32.77,65.06,1,63.46,1,0.0,3,10.0
20,5.0,5.6,1.3333333333333333,0.0,32.77,65.06,1,63.46,1,0.0,3,10.0
20,5.0,5.6,1.6666666666666667,0.0,32.77,65.06,1,63.46,1,0.0,3,10.0
20,5.0,5.6,2.0,0.0,32.77,65.06,1,63.46,1,0.0,3,10.0
20,5.0,5.6,2.3333333333333335,0.0,32.77,65.06,1,63.46,1,0.0,3,10.0
20,5.0,5.6,2.6666666666666665,0.0,32.77,65.06,1,63.46,1,0.0,3,10.0
20,5.0,5.6,3.0,0.0,32.77,65.06,1,63.46,1,0.0,3,10.0
20,5.0,5.6,3.3333333333333335,0.0,32.77,65.06,1,63.46,1,0.0,3,10.0
20,5.0,5.6,3.6666666666666665,0.0,32.77,65.06,1,63.46,1,0.0,3,10.0
20,5.0,5.6,4.0,0.0,32.77,65.06,1,63.46,1,0.0,3,10.0
20,5.0,5.6,4.333333333333333,0.0,32.77,65.06,1,63.46,1,0.0,3,10.0
20,5.0,5.6,4.666666666666667,0.0,32.77,65.06,1,63.46,1,0.0,3,10.0
20,5.0,5.6,5.0,0.0,32.77,65.06,1,63.46,1,0.0,3,10.0
20,5.0,5.6,5.333333333333333,0.0,32.77,65.06,1,63.46,1,0.0,3,10.0
20,5.0,5.6,5.666666666666667,0.0,32.77,65.06,1,63.46,1,0.0,3,10.0
20,5.0,5.6,6.0,0.0,32.77,65.06,1,63.46,1,0.0,3,10.0
20,5.0,5.6,6.333333333333333,0.0,32.77,65.06,1,63.46,1,0.0,3,10.0
20,5.0,5.6,6.666666666666667,0.0,32.77,65.06,1,63.46,1,0.0,3,10.0
20,5.0,5.6,7.0,0.0,32.77,65.06,1,63.46,1,0.0,3,10.0
20,5.0,5.6,7.333333333333333,0.0,32.77,65.06,1,63.46,1,0.0,3,10.0
20,5.0,5.6,7.666666666666667,0.0,32.77,65.06,1,63.46,1,0.0,3,10.0
20,5.0,5.6,8.0,0.0,32.77,65.06,1,63.46,1,0.0,3,10.0
20,5.0,5.6,8.333333333333334,0.0,32.77,65.06,1,63.46,1,0.0,3,10.0
20,5.0,5.6,8.666666666666666,0.0,32.77,65.06,1,63.46,1,0.0,3,10.0
20,5.0,5.6,9.0,0.0,32.77,65.06,1,63.46,1,0.0,3,10.0
20,5.0,5.6,9.333333333333334,0.0,32.77,65.06,1,63.46,1,0.0,3,10.0
20,5.0,5.6,9.666666666666666,0.0,32.77,65.06,1,63.46,1,0.0,3,10.0
20,5.0,5.6,10.0,0.0,32.77,65.06,1,63.46,1,0.0,3,10.0
20,5.0,5.6,10.333333333333334,0.0,32.77,65.06,1,63.46,1,0.0,3,10.0
20,5.0,5.6,10.666666666666666,0.0,32.77,65.06,1,63.46,1,0.0,3,10.0
20,5.0,5.6,11.0,0.0,32.77,65.06,1,63.46,1,0.0,3,10.0
20,5.0,5.6,11.333333333333334,0.0,32.77,65.06,1,63.46,1,0.0,3,10.0
20,5.0,5.6,11.666666666666666,0.0,32.77,65.06,1,63.46,1,0.0,3,10.0
20,5.0,5.6,12.0,0.0,32.77,65.06,1,63.46,1,0.0,3,10.0
20,5.0,5.6,12.333333333333334,0.0,32.77,65.06,1,63.46,1,0.0,3,10.0
20,5.0,5.6,12.666666666666666,0.0,32.77,65.06,1,63.46,1,0.0,3,10.0
20,5.0,5.6,13.0,0.0,32.77,65.06,1,63.46,1,0.0,3,10.0
20,5.0,5.6,13.333333333333334,0.0,32.77,65.06,1,63.46,1,0.0,3,10.0
20,5.0,5.6,13.666666666666666,0.0,32.77,65.06,1,63.46,1,0.0,3,10.0
20,5.0,5.6,14.0,0.0,32.77,65.06,1,63.46,1,0.0,3,10.0
20,5.0,5.6,14.333333333333334,0.0,32.77,65.06,1,63.46,1,0.0,3,10.0
20,5.0,5.6,14.666666666666666,0.0,32.77,65.06,1,63.46,1,0.0,3,10.0
20,5.0,5.6,15.0,0.0,32.77,65.06,1,63.46,1,0.0,3,10.0
20,5.0,5.6,15.333333333333334,0.0,32.77,65.06,1,63.46,1,0.0,3,10.0
20,5.0,5.6,15.666666666666666,0.0,32.77,65.06,1,63.46,1,0.0,3,10.0
20,5.0,5.6,16.0,0.0,32.77,65.06,1,63.46,1,0.0,3,10.0
20,5.0,5.6,16.333333333333332,0.0,32.77,65.06,1,63.46,1,0.0,3,10.0
20,5.0,5.6,16.666666666666668,0.0,32.77,65.06,1,63.46,1,0.0,3,10.0
20,5.0,5.6,17.0,0.0,32.77,65.06,1,63.46,1,0.0,3,10.0
20,5.0,5.6,17.333333333333332,0.0,32.77,65.06,1,63.46,1,0.0,3,10.0
20,5.0,5.6,17.666666666666668,0.0,32.77,65.06,1,63.46,1,0.0,3,10.0
20,5.0,5.6,18.0,0.0,32.77,65.06,1,63.46,1,0.0,3,10.0
20,5.0,5.6,18.333333333333332,0.0,32.77,65.06,1,63.46,1,0.0,3,10.0
20,5.0,5.6,18.666666666666668,0.0,32.77,65.06,1,63.46,1,0.0,3,10.0
20,5.0,5.6,19.0,0.0,32.77,65.06,1,63.46,1,0.0,3,10.0
20,5.0,5.6,19.333333333333332,0.0,32.77,65.06,1,63.46,1,0.0,3,10.0
20,5.0,5.6,19.666666666666668,0.0,32.77,65.06,1,63.46,1,0.0,3,10.0
